-- phpMyAdmin SQL Dump
-- version 4.7.0
-- https://www.phpmyadmin.net/
--
-- Host: 127.0.0.1
-- Generation Time: Jan 27, 2018 at 06:01 PM
-- Server version: 10.1.24-MariaDB
-- PHP Version: 7.1.6

SET SQL_MODE = "NO_AUTO_VALUE_ON_ZERO";
SET AUTOCOMMIT = 0;
START TRANSACTION;
SET time_zone = "+00:00";


/*!40101 SET @OLD_CHARACTER_SET_CLIENT=@@CHARACTER_SET_CLIENT */;
/*!40101 SET @OLD_CHARACTER_SET_RESULTS=@@CHARACTER_SET_RESULTS */;
/*!40101 SET @OLD_COLLATION_CONNECTION=@@COLLATION_CONNECTION */;
/*!40101 SET NAMES utf8mb4 */;

--
-- Database: `api_laravel`
--

-- --------------------------------------------------------

--
-- Table structure for table `migrations`
--

CREATE TABLE `migrations` (
  `id` int(10) UNSIGNED NOT NULL,
  `migration` varchar(191) COLLATE utf8mb4_unicode_ci NOT NULL,
  `batch` int(11) NOT NULL
) ENGINE=InnoDB DEFAULT CHARSET=utf8mb4 COLLATE=utf8mb4_unicode_ci;

--
-- Dumping data for table `migrations`
--

INSERT INTO `migrations` (`id`, `migration`, `batch`) VALUES
(10, '2014_10_12_000000_create_users_table', 1),
(11, '2014_10_12_100000_create_password_resets_table', 1),
(12, '2016_06_01_000001_create_oauth_auth_codes_table', 1),
(13, '2016_06_01_000002_create_oauth_access_tokens_table', 1),
(14, '2016_06_01_000003_create_oauth_refresh_tokens_table', 1),
(15, '2016_06_01_000004_create_oauth_clients_table', 1),
(16, '2016_06_01_000005_create_oauth_personal_access_clients_table', 1),
(17, '2018_01_24_223201_create_products_table', 1),
(18, '2018_01_24_223238_create_reviews_table', 1);

-- --------------------------------------------------------

--
-- Table structure for table `oauth_access_tokens`
--

CREATE TABLE `oauth_access_tokens` (
  `id` varchar(100) COLLATE utf8mb4_unicode_ci NOT NULL,
  `user_id` int(11) DEFAULT NULL,
  `client_id` int(11) NOT NULL,
  `name` varchar(191) COLLATE utf8mb4_unicode_ci DEFAULT NULL,
  `scopes` text COLLATE utf8mb4_unicode_ci,
  `revoked` tinyint(1) NOT NULL,
  `created_at` timestamp NULL DEFAULT NULL,
  `updated_at` timestamp NULL DEFAULT NULL,
  `expires_at` datetime DEFAULT NULL
) ENGINE=InnoDB DEFAULT CHARSET=utf8mb4 COLLATE=utf8mb4_unicode_ci;

--
-- Dumping data for table `oauth_access_tokens`
--

INSERT INTO `oauth_access_tokens` (`id`, `user_id`, `client_id`, `name`, `scopes`, `revoked`, `created_at`, `updated_at`, `expires_at`) VALUES
('09c8a21fb3d529387361a6fc52d24bdcaaac04fb717392e4d3062c2f0c58805b7f4b2e9f14d1f787', 6, 2, NULL, '[]', 0, '2018-01-28 00:27:15', '2018-01-28 00:27:15', '2019-01-27 16:27:15'),
('0a7dca90e3fbb91b36a61f3893abffe978ae920d1ac099ba9e2b6a439b4635b2288ac5bb1f5b3ea7', 6, 2, NULL, '[]', 0, '2018-01-28 00:26:15', '2018-01-28 00:26:15', '2019-01-27 16:26:15'),
('98c678accf8dc2c39897b478185205b37242597b5d40f927ac6d931b53bb91ef5448128000d4c7f8', 1, 2, NULL, '[]', 0, '2018-01-28 00:24:15', '2018-01-28 00:24:15', '2019-01-27 16:24:15'),
('adbab31e815ecb6430d2b6cd652f439d4c2c71c61ef6b8f57d4694e3d7d01653cd34ba8ffc0d316c', 6, 2, NULL, '[]', 0, '2018-01-28 00:25:28', '2018-01-28 00:25:28', '2019-01-27 16:25:28'),
('c1032b2407e92045660b4dd3675e24856a3e28837eb68d5157a5093b7dde372dfdb5483534e29f3d', 6, 2, NULL, '[]', 0, '2018-01-28 00:23:52', '2018-01-28 00:23:52', '2019-01-27 16:23:52');

-- --------------------------------------------------------

--
-- Table structure for table `oauth_auth_codes`
--

CREATE TABLE `oauth_auth_codes` (
  `id` varchar(100) COLLATE utf8mb4_unicode_ci NOT NULL,
  `user_id` int(11) NOT NULL,
  `client_id` int(11) NOT NULL,
  `scopes` text COLLATE utf8mb4_unicode_ci,
  `revoked` tinyint(1) NOT NULL,
  `expires_at` datetime DEFAULT NULL
) ENGINE=InnoDB DEFAULT CHARSET=utf8mb4 COLLATE=utf8mb4_unicode_ci;

-- --------------------------------------------------------

--
-- Table structure for table `oauth_clients`
--

CREATE TABLE `oauth_clients` (
  `id` int(10) UNSIGNED NOT NULL,
  `user_id` int(11) DEFAULT NULL,
  `name` varchar(191) COLLATE utf8mb4_unicode_ci NOT NULL,
  `secret` varchar(100) COLLATE utf8mb4_unicode_ci NOT NULL,
  `redirect` text COLLATE utf8mb4_unicode_ci NOT NULL,
  `personal_access_client` tinyint(1) NOT NULL,
  `password_client` tinyint(1) NOT NULL,
  `revoked` tinyint(1) NOT NULL,
  `created_at` timestamp NULL DEFAULT NULL,
  `updated_at` timestamp NULL DEFAULT NULL
) ENGINE=InnoDB DEFAULT CHARSET=utf8mb4 COLLATE=utf8mb4_unicode_ci;

--
-- Dumping data for table `oauth_clients`
--

INSERT INTO `oauth_clients` (`id`, `user_id`, `name`, `secret`, `redirect`, `personal_access_client`, `password_client`, `revoked`, `created_at`, `updated_at`) VALUES
(1, NULL, 'Laravel Personal Access Client', 'Db6XyxNvaOXTp2qbSytoHS92GS4MfVuSRDudhQjZ', 'http://localhost', 1, 0, 0, '2018-01-28 00:15:38', '2018-01-28 00:15:38'),
(2, NULL, 'Laravel Password Grant Client', 'I8PD576B4pac2kKuGMzJcW6GlOMBtV0J1TRrQnq0', 'http://localhost', 0, 1, 0, '2018-01-28 00:15:38', '2018-01-28 00:15:38');

-- --------------------------------------------------------

--
-- Table structure for table `oauth_personal_access_clients`
--

CREATE TABLE `oauth_personal_access_clients` (
  `id` int(10) UNSIGNED NOT NULL,
  `client_id` int(11) NOT NULL,
  `created_at` timestamp NULL DEFAULT NULL,
  `updated_at` timestamp NULL DEFAULT NULL
) ENGINE=InnoDB DEFAULT CHARSET=utf8mb4 COLLATE=utf8mb4_unicode_ci;

--
-- Dumping data for table `oauth_personal_access_clients`
--

INSERT INTO `oauth_personal_access_clients` (`id`, `client_id`, `created_at`, `updated_at`) VALUES
(1, 1, '2018-01-28 00:15:38', '2018-01-28 00:15:38');

-- --------------------------------------------------------

--
-- Table structure for table `oauth_refresh_tokens`
--

CREATE TABLE `oauth_refresh_tokens` (
  `id` varchar(100) COLLATE utf8mb4_unicode_ci NOT NULL,
  `access_token_id` varchar(100) COLLATE utf8mb4_unicode_ci NOT NULL,
  `revoked` tinyint(1) NOT NULL,
  `expires_at` datetime DEFAULT NULL
) ENGINE=InnoDB DEFAULT CHARSET=utf8mb4 COLLATE=utf8mb4_unicode_ci;

--
-- Dumping data for table `oauth_refresh_tokens`
--

INSERT INTO `oauth_refresh_tokens` (`id`, `access_token_id`, `revoked`, `expires_at`) VALUES
('41b00b0ce126f2f4ee9980b90958dbcb736c59997ad116d98ffc0acb12b384b84df967d8f4043ecf', '0a7dca90e3fbb91b36a61f3893abffe978ae920d1ac099ba9e2b6a439b4635b2288ac5bb1f5b3ea7', 0, '2019-01-27 16:26:16'),
('7aab0e890f311b21740cff8250e5b532d1767ca3d35cb58fe4392df0e91e574492112db8d4a50061', 'c1032b2407e92045660b4dd3675e24856a3e28837eb68d5157a5093b7dde372dfdb5483534e29f3d', 0, '2019-01-27 16:23:52'),
('bc46cb48ab5ef2086bbf17a2a1bebe2ae3a5c70c14cf8e1f241dbccd72f70be7cc4b88abae132a30', '09c8a21fb3d529387361a6fc52d24bdcaaac04fb717392e4d3062c2f0c58805b7f4b2e9f14d1f787', 0, '2019-01-27 16:27:15'),
('cb8a3d02f906f84970c39aa88c35bc77882c315b176e6f9f34c8916a905577a4c0832dfa01440598', 'adbab31e815ecb6430d2b6cd652f439d4c2c71c61ef6b8f57d4694e3d7d01653cd34ba8ffc0d316c', 0, '2019-01-27 16:25:29'),
('cd75ed7d6223900c09dd49fea12c0f356a06215a0ce1ddfb357162039adc562f534efb54ba5dd69f', '98c678accf8dc2c39897b478185205b37242597b5d40f927ac6d931b53bb91ef5448128000d4c7f8', 0, '2019-01-27 16:24:15');

-- --------------------------------------------------------

--
-- Table structure for table `password_resets`
--

CREATE TABLE `password_resets` (
  `email` varchar(191) COLLATE utf8mb4_unicode_ci NOT NULL,
  `token` varchar(191) COLLATE utf8mb4_unicode_ci NOT NULL,
  `created_at` timestamp NULL DEFAULT NULL
) ENGINE=InnoDB DEFAULT CHARSET=utf8mb4 COLLATE=utf8mb4_unicode_ci;

-- --------------------------------------------------------

--
-- Table structure for table `products`
--

CREATE TABLE `products` (
  `id` int(10) UNSIGNED NOT NULL,
  `name` varchar(191) COLLATE utf8mb4_unicode_ci NOT NULL,
  `price` int(11) NOT NULL,
  `stock` int(11) NOT NULL,
  `discount` int(11) NOT NULL,
  `user_id` int(11) NOT NULL,
  `created_at` timestamp NULL DEFAULT NULL,
  `updated_at` timestamp NULL DEFAULT NULL
) ENGINE=InnoDB DEFAULT CHARSET=utf8mb4 COLLATE=utf8mb4_unicode_ci;

--
-- Dumping data for table `products`
--

INSERT INTO `products` (`id`, `name`, `price`, `stock`, `discount`, `user_id`, `created_at`, `updated_at`) VALUES
(1, 'rem', 965, 6, 18, 1, '2018-01-28 00:13:57', '2018-01-28 00:13:57'),
(2, 'fuga', 449, 6, 10, 3, '2018-01-28 00:13:57', '2018-01-28 00:13:57'),
(3, 'qui', 405, 4, 39, 1, '2018-01-28 00:13:57', '2018-01-28 00:13:57'),
(4, 'et', 233, 0, 27, 5, '2018-01-28 00:13:57', '2018-01-28 00:13:57'),
(5, 'at', 168, 3, 18, 2, '2018-01-28 00:13:57', '2018-01-28 00:13:57'),
(6, 'IPhone 7 update', 150, 120, 12, 6, '2018-01-28 00:13:57', '2018-01-28 00:56:45'),
(7, 'IPhone 6 update', 150, 120, 12, 1, '2018-01-28 00:13:57', '2018-01-28 00:54:36'),
(8, 'eligendi', 780, 1, 31, 4, '2018-01-28 00:13:57', '2018-01-28 00:13:57'),
(9, 'quis', 867, 7, 50, 1, '2018-01-28 00:13:58', '2018-01-28 00:13:58'),
(10, 'voluptates', 602, 5, 15, 1, '2018-01-28 00:13:58', '2018-01-28 00:13:58'),
(11, 'excepturi', 641, 4, 44, 1, '2018-01-28 00:13:58', '2018-01-28 00:13:58'),
(12, 'vero', 618, 7, 20, 2, '2018-01-28 00:13:58', '2018-01-28 00:13:58'),
(13, 'ex', 453, 8, 22, 4, '2018-01-28 00:13:58', '2018-01-28 00:13:58'),
(14, 'quod', 337, 9, 19, 2, '2018-01-28 00:13:58', '2018-01-28 00:13:58'),
(15, 'consequuntur', 354, 8, 41, 2, '2018-01-28 00:13:58', '2018-01-28 00:13:58'),
(16, 'quia', 474, 2, 35, 4, '2018-01-28 00:13:58', '2018-01-28 00:13:58'),
(17, 'dolorem', 687, 0, 26, 5, '2018-01-28 00:13:58', '2018-01-28 00:13:58'),
(18, 'officia', 330, 3, 44, 2, '2018-01-28 00:13:58', '2018-01-28 00:13:58'),
(19, 'velit', 966, 4, 18, 5, '2018-01-28 00:13:58', '2018-01-28 00:13:58'),
(20, 'non', 875, 9, 10, 2, '2018-01-28 00:13:58', '2018-01-28 00:13:58'),
(21, 'tempora', 425, 2, 10, 6, '2018-01-28 00:13:58', '2018-01-28 00:13:58'),
(22, 'qui', 203, 6, 11, 2, '2018-01-28 00:13:58', '2018-01-28 00:13:58'),
(23, 'dolor', 117, 2, 26, 3, '2018-01-28 00:13:58', '2018-01-28 00:13:58'),
(24, 'sapiente', 229, 7, 21, 3, '2018-01-28 00:13:58', '2018-01-28 00:13:58'),
(25, 'aperiam', 576, 3, 20, 2, '2018-01-28 00:13:58', '2018-01-28 00:13:58'),
(26, 'eos', 362, 5, 34, 1, '2018-01-28 00:13:58', '2018-01-28 00:13:58'),
(27, 'dolor', 102, 2, 32, 3, '2018-01-28 00:13:58', '2018-01-28 00:13:58'),
(28, 'sit', 135, 5, 27, 2, '2018-01-28 00:13:59', '2018-01-28 00:13:59'),
(29, 'excepturi', 736, 4, 11, 2, '2018-01-28 00:13:59', '2018-01-28 00:13:59'),
(30, 'repellendus', 622, 1, 37, 5, '2018-01-28 00:13:59', '2018-01-28 00:13:59'),
(31, 'sunt', 652, 1, 42, 3, '2018-01-28 00:13:59', '2018-01-28 00:13:59'),
(32, 'quaerat', 475, 9, 11, 1, '2018-01-28 00:13:59', '2018-01-28 00:13:59'),
(33, 'sequi', 708, 5, 24, 5, '2018-01-28 00:13:59', '2018-01-28 00:13:59'),
(34, 'quisquam', 994, 2, 32, 1, '2018-01-28 00:13:59', '2018-01-28 00:13:59'),
(35, 'sint', 507, 4, 13, 5, '2018-01-28 00:13:59', '2018-01-28 00:13:59'),
(36, 'nisi', 770, 3, 33, 1, '2018-01-28 00:13:59', '2018-01-28 00:13:59'),
(37, 'ut', 819, 9, 32, 3, '2018-01-28 00:13:59', '2018-01-28 00:13:59'),
(38, 'voluptates', 996, 8, 11, 3, '2018-01-28 00:13:59', '2018-01-28 00:13:59'),
(39, 'sint', 225, 3, 15, 1, '2018-01-28 00:13:59', '2018-01-28 00:13:59'),
(40, 'illo', 767, 2, 41, 2, '2018-01-28 00:13:59', '2018-01-28 00:13:59'),
(41, 'non', 485, 4, 37, 1, '2018-01-28 00:13:59', '2018-01-28 00:13:59'),
(42, 'fugit', 655, 2, 44, 2, '2018-01-28 00:13:59', '2018-01-28 00:13:59'),
(43, 'quia', 131, 1, 33, 3, '2018-01-28 00:13:59', '2018-01-28 00:13:59'),
(44, 'laboriosam', 511, 5, 11, 3, '2018-01-28 00:13:59', '2018-01-28 00:13:59'),
(45, 'iste', 165, 5, 30, 5, '2018-01-28 00:13:59', '2018-01-28 00:13:59'),
(46, 'quam', 455, 4, 47, 5, '2018-01-28 00:13:59', '2018-01-28 00:13:59'),
(47, 'sint', 688, 9, 16, 1, '2018-01-28 00:14:00', '2018-01-28 00:14:00'),
(48, 'necessitatibus', 303, 6, 48, 2, '2018-01-28 00:14:00', '2018-01-28 00:14:00'),
(49, 'voluptatum', 587, 6, 27, 3, '2018-01-28 00:14:00', '2018-01-28 00:14:00'),
(50, 'officiis', 994, 8, 33, 4, '2018-01-28 00:14:00', '2018-01-28 00:14:00'),
(51, 'suscipit', 120, 8, 38, 10, '2018-01-28 00:29:44', '2018-01-28 00:29:44'),
(52, 'ut', 806, 5, 16, 1, '2018-01-28 00:29:44', '2018-01-28 00:29:44'),
(53, 'omnis', 787, 2, 30, 5, '2018-01-28 00:29:44', '2018-01-28 00:29:44'),
(54, 'ut', 537, 1, 38, 11, '2018-01-28 00:29:44', '2018-01-28 00:29:44'),
(55, 'quis', 475, 2, 20, 7, '2018-01-28 00:29:44', '2018-01-28 00:29:44'),
(56, 'expedita', 201, 3, 26, 6, '2018-01-28 00:29:44', '2018-01-28 00:29:44'),
(57, 'sed', 198, 4, 22, 9, '2018-01-28 00:29:44', '2018-01-28 00:29:44'),
(58, 'quia', 132, 9, 45, 4, '2018-01-28 00:29:44', '2018-01-28 00:29:44'),
(59, 'impedit', 212, 0, 32, 11, '2018-01-28 00:29:44', '2018-01-28 00:29:44'),
(60, 'corrupti', 602, 4, 37, 4, '2018-01-28 00:29:44', '2018-01-28 00:29:44'),
(61, 'fugit', 917, 5, 42, 6, '2018-01-28 00:29:45', '2018-01-28 00:29:45'),
(62, 'qui', 526, 9, 26, 10, '2018-01-28 00:29:45', '2018-01-28 00:29:45'),
(63, 'sed', 404, 9, 46, 11, '2018-01-28 00:29:45', '2018-01-28 00:29:45'),
(64, 'voluptatem', 918, 5, 23, 1, '2018-01-28 00:29:45', '2018-01-28 00:29:45'),
(65, 'aspernatur', 964, 4, 29, 9, '2018-01-28 00:29:45', '2018-01-28 00:29:45'),
(66, 'ex', 120, 4, 33, 1, '2018-01-28 00:29:45', '2018-01-28 00:29:45'),
(67, 'perspiciatis', 249, 0, 21, 9, '2018-01-28 00:29:45', '2018-01-28 00:29:45'),
(68, 'quae', 413, 5, 23, 2, '2018-01-28 00:29:45', '2018-01-28 00:29:45'),
(69, 'omnis', 526, 2, 39, 4, '2018-01-28 00:29:45', '2018-01-28 00:29:45'),
(70, 'accusantium', 381, 6, 14, 6, '2018-01-28 00:29:45', '2018-01-28 00:29:45'),
(71, 'rerum', 849, 5, 44, 11, '2018-01-28 00:29:45', '2018-01-28 00:29:45'),
(72, 'adipisci', 190, 4, 23, 8, '2018-01-28 00:29:45', '2018-01-28 00:29:45'),
(73, 'quia', 172, 3, 29, 1, '2018-01-28 00:29:45', '2018-01-28 00:29:45'),
(74, 'non', 381, 7, 30, 2, '2018-01-28 00:29:45', '2018-01-28 00:29:45'),
(75, 'laboriosam', 367, 8, 43, 1, '2018-01-28 00:29:46', '2018-01-28 00:29:46'),
(76, 'repellat', 402, 7, 27, 3, '2018-01-28 00:29:46', '2018-01-28 00:29:46'),
(77, 'voluptas', 368, 2, 39, 6, '2018-01-28 00:29:46', '2018-01-28 00:29:46'),
(78, 'cupiditate', 801, 9, 43, 8, '2018-01-28 00:29:46', '2018-01-28 00:29:46'),
(79, 'voluptas', 646, 1, 49, 1, '2018-01-28 00:29:46', '2018-01-28 00:29:46'),
(80, 'adipisci', 256, 1, 25, 3, '2018-01-28 00:29:46', '2018-01-28 00:29:46'),
(81, 'nisi', 628, 7, 17, 6, '2018-01-28 00:29:46', '2018-01-28 00:29:46'),
(82, 'ullam', 144, 6, 42, 11, '2018-01-28 00:29:46', '2018-01-28 00:29:46'),
(83, 'exercitationem', 504, 8, 36, 10, '2018-01-28 00:29:46', '2018-01-28 00:29:46'),
(84, 'molestiae', 657, 1, 29, 7, '2018-01-28 00:29:46', '2018-01-28 00:29:46'),
(85, 'temporibus', 811, 2, 32, 10, '2018-01-28 00:29:46', '2018-01-28 00:29:46'),
(86, 'id', 228, 6, 49, 2, '2018-01-28 00:29:46', '2018-01-28 00:29:46'),
(87, 'itaque', 709, 6, 10, 9, '2018-01-28 00:29:46', '2018-01-28 00:29:46'),
(88, 'eius', 605, 7, 46, 1, '2018-01-28 00:29:46', '2018-01-28 00:29:46'),
(89, 'est', 248, 3, 45, 4, '2018-01-28 00:29:46', '2018-01-28 00:29:46'),
(90, 'et', 457, 7, 40, 4, '2018-01-28 00:29:46', '2018-01-28 00:29:46'),
(91, 'delectus', 998, 8, 19, 3, '2018-01-28 00:29:46', '2018-01-28 00:29:46'),
(92, 'ex', 295, 3, 50, 3, '2018-01-28 00:29:46', '2018-01-28 00:29:46'),
(93, 'qui', 133, 5, 18, 5, '2018-01-28 00:29:47', '2018-01-28 00:29:47'),
(94, 'adipisci', 710, 0, 31, 7, '2018-01-28 00:29:47', '2018-01-28 00:29:47'),
(95, 'rerum', 834, 9, 38, 8, '2018-01-28 00:29:47', '2018-01-28 00:29:47'),
(96, 'magni', 279, 4, 19, 10, '2018-01-28 00:29:47', '2018-01-28 00:29:47'),
(97, 'nesciunt', 827, 2, 10, 4, '2018-01-28 00:29:47', '2018-01-28 00:29:47'),
(98, 'pariatur', 664, 9, 33, 3, '2018-01-28 00:29:47', '2018-01-28 00:29:47'),
(99, 'sint', 159, 1, 31, 7, '2018-01-28 00:29:47', '2018-01-28 00:29:47'),
(100, 'dolore', 202, 6, 20, 6, '2018-01-28 00:29:47', '2018-01-28 00:29:47'),
(101, 'IPhone 6', 150, 12, 12, 6, '2018-01-28 00:46:44', '2018-01-28 00:46:44'),
(102, 'Playstation', 150, 12, 12, 6, '2018-01-28 00:49:16', '2018-01-28 00:49:16');

-- --------------------------------------------------------

--
-- Table structure for table `reviews`
--

CREATE TABLE `reviews` (
  `id` int(10) UNSIGNED NOT NULL,
  `customer` varchar(191) COLLATE utf8mb4_unicode_ci NOT NULL,
  `review` text COLLATE utf8mb4_unicode_ci NOT NULL,
  `star` int(11) NOT NULL,
  `product_id` int(10) UNSIGNED NOT NULL,
  `created_at` timestamp NULL DEFAULT NULL,
  `updated_at` timestamp NULL DEFAULT NULL
) ENGINE=InnoDB DEFAULT CHARSET=utf8mb4 COLLATE=utf8mb4_unicode_ci;

--
-- Dumping data for table `reviews`
--

INSERT INTO `reviews` (`id`, `customer`, `review`, `star`, `product_id`, `created_at`, `updated_at`) VALUES
(1, 'nam', 'Quo illo repudiandae commodi excepturi. Vel nam ipsa sed. Molestiae nulla temporibus explicabo eaque.', 3, 30, '2018-01-28 00:14:00', '2018-01-28 00:14:00'),
(2, 'adipisci', 'Provident sit voluptatem beatae molestiae sint nesciunt. Cum autem recusandae dolor odit ad voluptatem consectetur. Nostrum eum ut praesentium eligendi ipsam facere.', 5, 2, '2018-01-28 00:14:00', '2018-01-28 00:14:00'),
(3, 'perspiciatis', 'Ducimus corrupti cupiditate magnam mollitia saepe aut. Quibusdam recusandae repellat quibusdam quis ut nesciunt qui. Vel sequi sit porro quod aliquam corporis sint deserunt.', 1, 4, '2018-01-28 00:14:01', '2018-01-28 00:14:01'),
(4, 'sint', 'Aliquam quisquam maiores ea nesciunt deleniti consectetur. Esse officia impedit dignissimos. Repudiandae culpa velit dolorem iure quis autem. Porro vitae mollitia id officia.', 0, 20, '2018-01-28 00:14:01', '2018-01-28 00:14:01'),
(5, 'sed', 'Dolores id quo voluptate natus dolor. Accusantium numquam recusandae et alias soluta minima ad. Asperiores placeat culpa maxime consequuntur asperiores enim.', 5, 17, '2018-01-28 00:14:01', '2018-01-28 00:14:01'),
(6, 'dolor', 'Nobis quod officia omnis consequatur quasi nulla aut. Sequi velit illo ut cumque voluptatem aut. Sint non est reprehenderit et.', 3, 7, '2018-01-28 00:14:01', '2018-01-28 00:14:01'),
(7, 'molestiae', 'Odit facere aut velit quam ut labore. Nihil nostrum atque cum. Eos at occaecati magni et.', 3, 20, '2018-01-28 00:14:01', '2018-01-28 00:14:01'),
(8, 'harum', 'Doloremque debitis rerum et. Consectetur voluptatem recusandae est placeat qui sit. Nobis nobis optio fugiat eaque quia aperiam sed. Vitae asperiores qui aliquam cupiditate.', 2, 19, '2018-01-28 00:14:01', '2018-01-28 00:14:01'),
(9, 'ipsa', 'Dolorum voluptas reprehenderit accusantium molestias ut voluptatibus sint. Nobis quia necessitatibus in sint exercitationem rerum. Explicabo deserunt quia nostrum fugiat consequatur. Quasi ipsum doloremque voluptate facere.', 3, 5, '2018-01-28 00:14:01', '2018-01-28 00:14:01'),
(10, 'voluptas', 'Voluptas eligendi eveniet tempora sit consequatur. Quia repellendus sed voluptas harum qui iusto possimus. Quibusdam odio rerum et non quod. Et error non qui ab aut illum architecto.', 3, 37, '2018-01-28 00:14:01', '2018-01-28 00:14:01'),
(11, 'dolorum', 'Cumque modi id illo aspernatur. Eaque iste culpa architecto eaque. Ut nam et excepturi distinctio sunt est omnis.', 5, 22, '2018-01-28 00:14:01', '2018-01-28 00:14:01'),
(12, 'quasi', 'Cum a dolor repellat debitis. Sunt fugiat quis tempore error nisi. Error magnam quae omnis impedit iusto. Et quidem vel architecto cum.', 1, 21, '2018-01-28 00:14:01', '2018-01-28 00:14:01'),
(13, 'tempora', 'Consequuntur eaque illum consequatur rerum. Adipisci neque hic quia iusto sit aut. Voluptate non nostrum quo necessitatibus. Quod aut et sint ullam tempore adipisci.', 1, 42, '2018-01-28 00:14:01', '2018-01-28 00:14:01'),
(14, 'sed', 'Sed iusto delectus quia doloremque. Hic aut voluptates cumque officia totam a. Placeat perspiciatis culpa corrupti aut dolores. Autem natus illo explicabo sit sunt.', 3, 42, '2018-01-28 00:14:01', '2018-01-28 00:14:01'),
(15, 'rerum', 'Eos illum id aut voluptatibus. Amet voluptatem vero dolore et natus autem.', 4, 50, '2018-01-28 00:14:01', '2018-01-28 00:14:01'),
(16, 'alias', 'Consequatur totam quos ut ut asperiores qui. Autem dolore quis aut alias consequatur sequi voluptas et. Illo ut dolorem itaque omnis nemo. Perferendis et et dolorem et et facere.', 1, 29, '2018-01-28 00:14:01', '2018-01-28 00:14:01'),
(17, 'explicabo', 'Veniam suscipit dolorem beatae. Ullam nesciunt quis neque repellendus recusandae et reiciendis. Delectus id omnis sed nemo inventore unde.', 3, 40, '2018-01-28 00:14:01', '2018-01-28 00:14:01'),
(18, 'ratione', 'Quasi qui praesentium est asperiores porro impedit. Delectus dolorum voluptatem impedit iusto et atque. Dicta et ipsa soluta laborum perferendis suscipit aut animi. Qui et natus suscipit dolores ullam ratione.', 3, 41, '2018-01-28 00:14:01', '2018-01-28 00:14:01'),
(19, 'quisquam', 'Officia sequi officia rerum iste nesciunt voluptatibus consectetur porro. Vel assumenda repellat pariatur non et. Unde sunt accusantium deleniti delectus. Architecto rerum ipsa et dolor ut repellat.', 3, 14, '2018-01-28 00:14:01', '2018-01-28 00:14:01'),
(20, 'nisi', 'Et facere impedit qui voluptas temporibus ut beatae. Ducimus quas est neque ad soluta dicta modi. Non est laborum id aut id excepturi optio.', 4, 42, '2018-01-28 00:14:02', '2018-01-28 00:14:02'),
(21, 'id', 'Reprehenderit est sed rerum. Et ut ducimus ad animi. Facere culpa vel ipsum quis. Dolor qui et minus blanditiis velit.', 2, 33, '2018-01-28 00:14:02', '2018-01-28 00:14:02'),
(22, 'possimus', 'Voluptatem magnam non qui et laboriosam in sunt commodi. Culpa quo id sunt autem. Autem saepe ex quia. Ut non a distinctio corrupti.', 3, 38, '2018-01-28 00:14:02', '2018-01-28 00:14:02'),
(23, 'et', 'Voluptatum rerum non dignissimos nihil ut accusantium fugiat. Consequatur quos hic nam asperiores omnis. Assumenda qui et minima non consequatur. Accusamus ducimus iure sed qui earum suscipit eveniet.', 1, 6, '2018-01-28 00:14:02', '2018-01-28 00:14:02'),
(24, 'est', 'Facere quisquam sequi consectetur quia corrupti. Maxime provident rerum voluptas tempore sunt. Est magnam qui odio vitae impedit. Exercitationem nemo odit voluptas ea reprehenderit aliquam. Autem quia nisi doloribus repellat minima pariatur.', 2, 37, '2018-01-28 00:14:02', '2018-01-28 00:14:02'),
(25, 'eligendi', 'Eos saepe pariatur aut numquam. Sunt facere ipsa fugiat et unde similique laboriosam. Id velit suscipit non aliquid sint dolores.', 4, 32, '2018-01-28 00:14:02', '2018-01-28 00:14:02'),
(26, 'sed', 'Qui amet dicta necessitatibus veniam quo. Nostrum maiores rerum nobis et. Consectetur aut inventore tempora dolor quia ullam.', 4, 41, '2018-01-28 00:14:02', '2018-01-28 00:14:02'),
(27, 'dicta', 'Maxime dicta earum sed dolor expedita. Et velit omnis itaque officia. Occaecati cumque iure sint labore minima laudantium voluptatem ea.', 5, 22, '2018-01-28 00:14:02', '2018-01-28 00:14:02'),
(28, 'officiis', 'Quidem et laudantium placeat ipsam sunt. Labore et dolorem quidem eligendi saepe molestiae.', 1, 40, '2018-01-28 00:14:02', '2018-01-28 00:14:02'),
(29, 'illo', 'Rerum nemo doloribus perspiciatis eos animi repellendus officiis veritatis. Et porro quos ipsam itaque. Eum neque veritatis eum similique voluptatibus. Officia voluptatibus dolorem ea aut.', 1, 48, '2018-01-28 00:14:02', '2018-01-28 00:14:02'),
(30, 'rem', 'Dolor repellat sunt tempore nostrum corporis unde qui fugit. Et ut ea ipsam sunt nostrum atque voluptatem. Provident blanditiis quisquam numquam labore ratione impedit sit. Consequatur ut et modi voluptates.', 1, 44, '2018-01-28 00:14:02', '2018-01-28 00:14:02'),
(31, 'cum', 'Quaerat voluptatem nihil quisquam officia accusantium expedita. Recusandae quia in sunt sed delectus.', 2, 3, '2018-01-28 00:14:02', '2018-01-28 00:14:02'),
(32, 'assumenda', 'Enim voluptatum velit id nihil adipisci dolorum. A delectus quos cupiditate eius iure animi. Blanditiis ex autem doloribus eius et quas qui.', 3, 13, '2018-01-28 00:14:02', '2018-01-28 00:14:02'),
(33, 'quas', 'Sit commodi non consequuntur in beatae in. Asperiores libero placeat aperiam sint reiciendis provident laudantium. Eius eum atque vero aut debitis est. Voluptas repudiandae doloremque adipisci est iste dolorem. Laboriosam rerum vitae et ut.', 5, 48, '2018-01-28 00:14:02', '2018-01-28 00:14:02'),
(34, 'quasi', 'Labore doloribus aut neque modi. Et accusamus enim et quas quibusdam maiores. Quo natus voluptatem eius sunt recusandae quaerat.', 5, 37, '2018-01-28 00:14:02', '2018-01-28 00:14:02'),
(35, 'debitis', 'Aut consequatur suscipit aperiam. Repellendus perferendis soluta ad.', 2, 29, '2018-01-28 00:14:02', '2018-01-28 00:14:02'),
(36, 'voluptas', 'Quos illo minus quos excepturi. Rerum consequuntur doloribus in quibusdam et. Nesciunt est cupiditate optio aliquid dolores deleniti ea. Quod voluptatem nihil et tempora consequatur eum.', 3, 6, '2018-01-28 00:14:02', '2018-01-28 00:14:02'),
(37, 'et', 'Saepe tenetur maiores rerum repellendus cumque. Consequuntur aut dolorem fugit quam rem qui vitae quasi. Impedit molestiae fuga eaque error itaque. Dolor dolor adipisci distinctio delectus et.', 5, 9, '2018-01-28 00:14:03', '2018-01-28 00:14:03'),
(38, 'necessitatibus', 'Quae repellendus magni iure quaerat esse cum est. Officia velit voluptatem incidunt occaecati veritatis qui dicta maiores. Est atque ipsam libero error qui sed numquam.', 4, 47, '2018-01-28 00:14:03', '2018-01-28 00:14:03'),
(39, 'quam', 'Incidunt est aut laudantium aliquid. Dolorem quisquam enim vitae nisi optio eaque. Sit reiciendis quaerat qui nobis. Quasi eveniet fuga sit odio dignissimos nihil quis.', 5, 42, '2018-01-28 00:14:03', '2018-01-28 00:14:03'),
(40, 'blanditiis', 'Et incidunt eum et ut quas. Dignissimos sequi et odit. Dolorum est qui cum dolor consequatur temporibus. Sed consequatur earum nihil architecto molestias accusantium omnis repudiandae.', 4, 5, '2018-01-28 00:14:03', '2018-01-28 00:14:03'),
(41, 'dolorem', 'Hic neque ut molestiae nostrum quis ut fugiat. Distinctio ad non consequatur sunt vel provident soluta. Beatae provident quis voluptas aut nobis porro doloremque. Adipisci quidem cum dicta eaque perferendis distinctio dolorem.', 4, 23, '2018-01-28 00:14:03', '2018-01-28 00:14:03'),
(42, 'qui', 'Ut ea dolor quidem quaerat repudiandae. Et eveniet aliquam dignissimos beatae. Omnis dolorem deleniti et perspiciatis occaecati quas est.', 4, 31, '2018-01-28 00:14:03', '2018-01-28 00:14:03'),
(43, 'deleniti', 'Cum et tempora et neque aperiam quod quo. Impedit vel et facilis occaecati qui aut labore. Vel veritatis dolores in error eos.', 4, 19, '2018-01-28 00:14:03', '2018-01-28 00:14:03'),
(44, 'delectus', 'Sunt occaecati expedita fugiat. Qui placeat qui asperiores molestias aut omnis necessitatibus. In autem consequatur vero esse aut.', 1, 39, '2018-01-28 00:14:03', '2018-01-28 00:14:03'),
(45, 'doloremque', 'Qui doloremque exercitationem qui deleniti nulla omnis. Ullam quos dolor ipsum quas. Dignissimos voluptates aliquam numquam accusamus neque.', 5, 20, '2018-01-28 00:14:03', '2018-01-28 00:14:03'),
(46, 'praesentium', 'Neque eum voluptas occaecati. Eum odio dolore et dolorem dolorem ratione ad. Aut culpa unde nihil numquam. Est voluptas ea qui fugiat molestias est.', 2, 24, '2018-01-28 00:14:03', '2018-01-28 00:14:03'),
(47, 'sequi', 'Eligendi inventore voluptatum sed inventore odit saepe quo. Omnis cupiditate maxime et nihil id iure et. Aut officiis vel qui numquam laudantium ab et.', 2, 15, '2018-01-28 00:14:03', '2018-01-28 00:14:03'),
(48, 'mollitia', 'Repellendus quo et praesentium. Sunt porro rerum reiciendis eligendi distinctio. Sunt quasi nulla consequatur reprehenderit et labore. Nisi ea quidem iusto rerum commodi.', 3, 29, '2018-01-28 00:14:03', '2018-01-28 00:14:03'),
(49, 'et', 'Non sequi placeat dolore dolorum quas vel necessitatibus laboriosam. Praesentium et earum assumenda asperiores provident consequatur accusamus. Eaque eaque ab sit sit et aut quae saepe. Accusamus dolores qui alias ducimus accusantium et.', 0, 2, '2018-01-28 00:14:03', '2018-01-28 00:14:03'),
(50, 'commodi', 'Magni sunt similique eveniet dolorum voluptas saepe ea sit. Vitae culpa culpa architecto qui nostrum ex minima. Quo culpa natus assumenda enim aut rem tenetur. Reprehenderit cumque praesentium iste.', 5, 45, '2018-01-28 00:14:03', '2018-01-28 00:14:03'),
(51, 'explicabo', 'Possimus ducimus ut et delectus. Est nobis molestiae voluptates voluptatem. Incidunt quibusdam ea ad dolore necessitatibus. Voluptas quos occaecati non reiciendis totam ipsa.', 4, 27, '2018-01-28 00:14:03', '2018-01-28 00:14:03'),
(52, 'numquam', 'Voluptatum quo omnis asperiores sapiente nisi sapiente. Quis quas nesciunt corporis error.', 1, 50, '2018-01-28 00:14:03', '2018-01-28 00:14:03'),
(53, 'quaerat', 'Dolores ullam dolorum quasi ratione. Est occaecati officia at sunt quaerat. Eos sunt in vel est et eum quis.', 2, 36, '2018-01-28 00:14:04', '2018-01-28 00:14:04'),
(54, 'et', 'Quae expedita sunt laboriosam vel minus odio nulla culpa. Rerum tempore vel dolorem corrupti amet occaecati. Sit sunt dolorem reiciendis. Consequatur doloribus qui aliquid alias iusto quia sunt.', 1, 8, '2018-01-28 00:14:04', '2018-01-28 00:14:04'),
(55, 'animi', 'Ea dicta ut unde nisi vel cumque. Tenetur voluptates in ducimus voluptates nostrum. Voluptatem consequatur nemo eaque harum. Dolor ut est provident sit exercitationem eveniet.', 0, 9, '2018-01-28 00:14:04', '2018-01-28 00:14:04'),
(56, 'voluptates', 'Enim ipsam mollitia error consectetur est repellendus. Vitae minima praesentium reiciendis nisi saepe. Ratione ut magnam debitis dignissimos iste tenetur. Aliquid pariatur ipsa et facere quo et incidunt.', 0, 9, '2018-01-28 00:14:04', '2018-01-28 00:14:04'),
(57, 'suscipit', 'Cumque possimus vel omnis sed. Asperiores adipisci modi laudantium mollitia quo fuga. Ducimus quia est dolor. Laborum blanditiis tenetur repudiandae totam necessitatibus ut. Sint ab quis vel non non possimus.', 4, 14, '2018-01-28 00:14:04', '2018-01-28 00:14:04'),
(58, 'laboriosam', 'Ipsa earum eum odio sint. Ut sed cupiditate ex vitae. Omnis tempora explicabo voluptate quo ut et unde iusto.', 5, 44, '2018-01-28 00:14:04', '2018-01-28 00:14:04'),
(59, 'aut', 'Vitae nemo qui est autem inventore. Voluptas ipsa et deleniti aut.', 4, 37, '2018-01-28 00:14:04', '2018-01-28 00:14:04'),
(60, 'non', 'Sint aut quisquam eius nihil perspiciatis ducimus veritatis necessitatibus. Iste cum quidem unde vel dolorum quo. Quasi non aliquam numquam ut dignissimos. Velit ea excepturi ex nihil dolore facilis nam. Aliquid magnam et debitis sit dolores.', 1, 17, '2018-01-28 00:14:04', '2018-01-28 00:14:04'),
(61, 'ratione', 'Enim iure dolores sed. Neque modi rerum voluptatibus ullam dignissimos. Delectus aut nostrum veritatis non tempore aut non. Dolorem ea inventore et.', 0, 46, '2018-01-28 00:14:04', '2018-01-28 00:14:04'),
(62, 'delectus', 'Alias voluptatem aut consequatur eius. Dolor facere qui sint. Eveniet autem labore repellat repellendus rerum esse.', 4, 2, '2018-01-28 00:14:04', '2018-01-28 00:14:04'),
(63, 'totam', 'Quia error sit eligendi facilis dignissimos quas atque. Est quidem accusantium et cum excepturi saepe officiis. Necessitatibus veritatis ut ad aut sint voluptatem facere. Sunt ut voluptatibus odio consequatur explicabo quia.', 4, 45, '2018-01-28 00:14:04', '2018-01-28 00:14:04'),
(64, 'dignissimos', 'Fugiat repellendus quos quos. Voluptatem animi illo odio rem officiis corporis veniam aut. Nisi est est saepe tenetur ut vitae amet placeat.', 5, 45, '2018-01-28 00:14:04', '2018-01-28 00:14:04'),
(65, 'est', 'Quisquam iusto libero corporis consequatur voluptate. Modi voluptate ea veniam. Enim quia velit ipsam quisquam non saepe. Saepe suscipit animi ea ut amet corporis earum.', 3, 15, '2018-01-28 00:14:04', '2018-01-28 00:14:04'),
(66, 'est', 'Non quo ex eveniet aut consequatur a sed. Est hic facilis impedit itaque asperiores sapiente hic. Sapiente necessitatibus quis iure quia accusantium. Hic recusandae itaque et maxime et.', 2, 40, '2018-01-28 00:14:05', '2018-01-28 00:14:05'),
(67, 'molestiae', 'Harum eum similique ullam nemo pariatur molestiae. Ut ipsam recusandae ut error sunt non. Ex nulla inventore cumque rerum quaerat.', 1, 20, '2018-01-28 00:14:05', '2018-01-28 00:14:05'),
(68, 'quasi', 'Voluptatem a aut sed suscipit repellendus tenetur iusto. Et sed quo fugit placeat. Qui repellat quo qui tenetur aut consequatur.', 4, 44, '2018-01-28 00:14:05', '2018-01-28 00:14:05'),
(69, 'non', 'Quos et quo ducimus dolorum quidem culpa ipsam. Qui laborum quia molestiae sit molestiae asperiores unde. Commodi tempora officiis sit. A adipisci nostrum consequatur quibusdam ipsa beatae non.', 3, 44, '2018-01-28 00:14:05', '2018-01-28 00:14:05'),
(70, 'temporibus', 'Distinctio aut distinctio magni totam. Atque architecto enim sit distinctio vel harum. Velit ratione aut vero occaecati voluptates temporibus. Amet saepe cum dolorem corrupti et quo consequatur labore.', 2, 40, '2018-01-28 00:14:05', '2018-01-28 00:14:05'),
(71, 'est', 'Explicabo esse laudantium explicabo consequatur enim et odio quam. Laboriosam recusandae porro rerum et doloremque. Id et veritatis iste molestias unde. Enim quis delectus distinctio nemo. Quod assumenda culpa possimus aut et ex eveniet.', 1, 47, '2018-01-28 00:14:05', '2018-01-28 00:14:05'),
(72, 'quam', 'Cum labore et eos sed occaecati ut corporis. Voluptatibus maxime quam veniam iste aliquam adipisci nesciunt. Numquam ex nobis quia nihil numquam culpa eum.', 0, 39, '2018-01-28 00:14:05', '2018-01-28 00:14:05'),
(73, 'facilis', 'Cumque rerum accusamus dolorem vitae. Illum rem repellat quam possimus sequi qui. Voluptatum error aut porro maxime quos qui accusantium a. Totam rem qui quia cum. Qui cumque assumenda saepe error.', 3, 15, '2018-01-28 00:14:05', '2018-01-28 00:14:05'),
(74, 'nihil', 'Qui minus facilis corporis dolor non. Commodi quia reprehenderit reiciendis ut ut non reprehenderit. Quia et quam in sequi est.', 5, 31, '2018-01-28 00:14:05', '2018-01-28 00:14:05'),
(75, 'non', 'Est ratione deserunt esse doloribus reiciendis. Enim dolores debitis facere harum modi. Maxime quo quidem ab cupiditate. Aut sequi unde eaque doloribus voluptas qui.', 5, 35, '2018-01-28 00:14:05', '2018-01-28 00:14:05'),
(76, 'eum', 'Qui sed veniam voluptatem eos quis. Voluptas vitae molestias sapiente esse et ratione.', 5, 43, '2018-01-28 00:14:05', '2018-01-28 00:14:05'),
(77, 'minima', 'Animi enim est recusandae vel. Deserunt asperiores nulla quia dignissimos. Quia nisi necessitatibus quis quia sed quo unde. Esse accusamus ullam magnam corrupti dolores qui suscipit.', 4, 30, '2018-01-28 00:14:05', '2018-01-28 00:14:05'),
(78, 'quos', 'Maxime est itaque nemo consequatur eveniet quis. In omnis voluptates et et animi. Et tenetur quidem perspiciatis assumenda. Cupiditate minus accusantium voluptatem voluptatum pariatur quae.', 4, 7, '2018-01-28 00:14:05', '2018-01-28 00:14:05'),
(79, 'reprehenderit', 'Expedita aut mollitia deserunt consequatur rerum. Aut ut porro et. Similique eius deserunt dolor qui eos placeat. Reprehenderit cumque eius sit ut incidunt quod magni.', 1, 43, '2018-01-28 00:14:05', '2018-01-28 00:14:05'),
(80, 'cupiditate', 'Qui aut doloremque qui itaque eveniet est modi. Repellat quidem voluptatibus hic quae. Veritatis unde nihil repudiandae natus expedita voluptates modi.', 1, 20, '2018-01-28 00:14:06', '2018-01-28 00:14:06'),
(81, 'mollitia', 'Dignissimos culpa maiores consequuntur sint autem dolorum ut ab. Vel totam suscipit minus consequatur ab tempora. Ducimus corrupti consectetur praesentium qui ea eos odio rerum. Illum rerum commodi ducimus sunt.', 2, 13, '2018-01-28 00:14:06', '2018-01-28 00:14:06'),
(82, 'qui', 'Labore sunt consequatur et quo possimus ut repudiandae. Inventore reiciendis eveniet iusto occaecati dolores. Cupiditate praesentium dolorem atque.', 5, 16, '2018-01-28 00:14:06', '2018-01-28 00:14:06'),
(83, 'modi', 'In et officia est et alias et veritatis. Consequatur iste dolore aut aut id illum rerum. Soluta optio est laborum.', 0, 7, '2018-01-28 00:14:06', '2018-01-28 00:14:06'),
(84, 'ducimus', 'Nam voluptatum ullam sit. Corporis impedit et error laborum deserunt. Facilis non architecto alias dolore.', 0, 15, '2018-01-28 00:14:06', '2018-01-28 00:14:06'),
(85, 'voluptatem', 'Minus consectetur ut assumenda quibusdam reprehenderit. Voluptas illo et et. Qui aliquam vitae doloribus eaque consectetur. Ut animi ab perspiciatis.', 2, 44, '2018-01-28 00:14:06', '2018-01-28 00:14:06'),
(86, 'aut', 'Voluptas voluptatibus et aspernatur quisquam. Perferendis mollitia ipsum autem perferendis. Autem non consectetur quis.', 1, 36, '2018-01-28 00:14:06', '2018-01-28 00:14:06'),
(87, 'modi', 'Rerum quia dolorem a vel incidunt architecto a. In magni pariatur rem omnis voluptas ipsa. Et at et cupiditate est porro.', 5, 35, '2018-01-28 00:14:06', '2018-01-28 00:14:06'),
(88, 'neque', 'Odit iure saepe et sed veniam nihil. Id ullam illo earum. Qui blanditiis minus rerum unde unde. Dolores at sed qui est magnam.', 2, 25, '2018-01-28 00:14:06', '2018-01-28 00:14:06'),
(89, 'corporis', 'Repellat est ipsum quos. Eveniet quod placeat eveniet expedita ipsam similique dolore. Tempore minus repudiandae ut. Aliquam illum omnis accusamus ut libero ut dignissimos.', 1, 21, '2018-01-28 00:14:06', '2018-01-28 00:14:06'),
(90, 'ipsum', 'Soluta quis maxime et soluta nihil illo iste. Corporis iure id commodi unde deleniti. Inventore exercitationem expedita labore odio. Eveniet architecto quia voluptatem quia et sint fuga eius. Aliquam aliquam molestiae itaque accusamus voluptatem ullam.', 0, 31, '2018-01-28 00:14:06', '2018-01-28 00:14:06'),
(91, 'doloremque', 'Voluptatem aliquam libero veniam laboriosam. Eum optio atque dolores sit hic. Nihil ducimus laudantium labore odio quas. Voluptatem ratione dolorem est magni qui qui.', 4, 2, '2018-01-28 00:14:06', '2018-01-28 00:14:06'),
(92, 'ut', 'Perspiciatis laudantium recusandae deleniti beatae deleniti. Perferendis pariatur distinctio reprehenderit recusandae quod dicta. Mollitia soluta voluptates quasi earum. Aut et ut ipsa qui id voluptates fugit. Enim sit omnis non a repudiandae repellat.', 0, 46, '2018-01-28 00:14:06', '2018-01-28 00:14:06'),
(93, 'dicta', 'Consectetur aut porro eaque porro. Officia quo et voluptas accusantium tenetur quia. Amet qui qui sunt id.', 3, 18, '2018-01-28 00:14:06', '2018-01-28 00:14:06'),
(94, 'voluptatem', 'Incidunt quidem non nobis eum. Labore voluptate dolores ut hic commodi aspernatur.', 4, 35, '2018-01-28 00:14:06', '2018-01-28 00:14:06'),
(95, 'qui', 'Officiis enim ut vel tempora id. Nobis sint consequatur aspernatur voluptate.', 5, 9, '2018-01-28 00:14:06', '2018-01-28 00:14:06'),
(96, 'eos', 'Ratione quae corporis voluptatibus non consequatur nostrum dicta. Deserunt ut consequatur laborum iure ea est quidem. Non quae amet dolorum. Occaecati quasi delectus sit adipisci repellat enim. Doloribus fugiat optio dolor minima.', 3, 24, '2018-01-28 00:14:06', '2018-01-28 00:14:06'),
(97, 'sit', 'Ratione accusantium accusamus voluptas aut. Temporibus atque dolorem id voluptatem delectus nihil. Nobis asperiores perspiciatis tempore cupiditate. Velit eos officia maiores magnam dolorum.', 4, 48, '2018-01-28 00:14:06', '2018-01-28 00:14:06'),
(98, 'animi', 'Eveniet quia recusandae voluptatem corrupti odio accusamus cumque est. Tempora voluptates dolor vel et consequatur officia officia doloribus. Vel culpa assumenda quisquam aliquam. Ut a quos beatae et aut adipisci qui.', 1, 3, '2018-01-28 00:14:07', '2018-01-28 00:14:07'),
(99, 'eius', 'Voluptatibus totam tempore harum tempora quos quisquam. Velit aut enim maiores eum ipsum rerum. Quia rerum aut voluptatem ut.', 4, 45, '2018-01-28 00:14:07', '2018-01-28 00:14:07'),
(100, 'dignissimos', 'Inventore et modi quasi laudantium et amet. Perferendis numquam ea dolorem. Ut consequatur voluptatem doloribus et quia velit.', 3, 12, '2018-01-28 00:14:07', '2018-01-28 00:14:07'),
(101, 'sunt', 'Voluptate sit id voluptatem molestiae. Similique iure totam et optio quisquam. Aspernatur sit labore voluptatem et voluptatem animi. Distinctio qui ullam quis soluta iure.', 4, 17, '2018-01-28 00:14:07', '2018-01-28 00:14:07'),
(102, 'sunt', 'Maxime culpa perspiciatis qui harum necessitatibus accusamus in. Illum est dolores qui atque culpa quidem consequatur. Quasi nostrum ullam facilis est libero.', 0, 45, '2018-01-28 00:14:07', '2018-01-28 00:14:07'),
(103, 'voluptates', 'In vel magni sint error vel. Aut delectus et qui iure. Quis possimus voluptate quasi debitis. Provident voluptatibus veniam id hic minima est earum.', 2, 35, '2018-01-28 00:14:07', '2018-01-28 00:14:07'),
(104, 'perspiciatis', 'Praesentium ut illo at accusantium soluta. Quo molestias praesentium cupiditate sed animi. Et tempora deserunt sit voluptas. Est voluptatem autem dolor aut tempora labore suscipit aliquam.', 3, 3, '2018-01-28 00:14:07', '2018-01-28 00:14:07'),
(105, 'nisi', 'Quia rerum aut est earum exercitationem fugit laboriosam. Dolores aut fugit sit autem. Dolor illum eveniet praesentium suscipit dolores et.', 5, 36, '2018-01-28 00:14:07', '2018-01-28 00:14:07'),
(106, 'atque', 'Blanditiis id deleniti deleniti similique id quam. Consequuntur porro voluptatum ipsa deserunt et non illum. Eveniet blanditiis rerum fuga reprehenderit.', 4, 35, '2018-01-28 00:14:07', '2018-01-28 00:14:07'),
(107, 'distinctio', 'Voluptatem porro deserunt occaecati harum consequatur praesentium. Numquam est quod laboriosam et. Nesciunt qui cumque impedit provident id nihil minus ullam. Unde et optio dolorem.', 0, 26, '2018-01-28 00:14:07', '2018-01-28 00:14:07'),
(108, 'amet', 'Id id rerum quo quaerat laborum deleniti et. Non dolorem nobis assumenda et nobis distinctio et. Animi suscipit quaerat vel. Necessitatibus et eos repudiandae sit aperiam tenetur magni nisi.', 0, 12, '2018-01-28 00:14:07', '2018-01-28 00:14:07'),
(109, 'quas', 'Non exercitationem nihil rerum veniam repudiandae. Itaque unde aliquam doloribus ipsa eius. Non quisquam est corrupti ullam sint voluptatem dolor. Ipsa est ab sequi dicta qui.', 3, 45, '2018-01-28 00:14:07', '2018-01-28 00:14:07'),
(110, 'accusamus', 'Consequuntur aperiam aut est numquam ratione et ut. Et ipsam quisquam consectetur esse vel aliquam sit. Amet accusantium sunt beatae veniam sed. Quo modi nam illo minima ut impedit quis atque.', 3, 3, '2018-01-28 00:14:07', '2018-01-28 00:14:07'),
(111, 'est', 'Aliquam et id excepturi cumque quia. Ut voluptatem nostrum adipisci ut. Reprehenderit aut doloremque quibusdam maxime aspernatur nostrum.', 5, 24, '2018-01-28 00:14:07', '2018-01-28 00:14:07'),
(112, 'provident', 'Et minus mollitia asperiores qui ut quia. Nostrum id rerum earum dignissimos dolor quo. Officiis ea quasi mollitia sint necessitatibus aut corrupti cum.', 1, 46, '2018-01-28 00:14:07', '2018-01-28 00:14:07'),
(113, 'rerum', 'Eum quam rerum explicabo odio. Alias deleniti incidunt exercitationem perspiciatis repudiandae. Sed et odit nostrum accusamus distinctio vero necessitatibus.', 3, 32, '2018-01-28 00:14:08', '2018-01-28 00:14:08'),
(114, 'officia', 'Voluptatem qui sed fugiat et voluptatem accusantium laboriosam. Laborum sint eligendi rerum est modi pariatur totam. Maiores suscipit tempore modi deleniti quibusdam assumenda autem. Eum natus neque reiciendis corrupti.', 4, 3, '2018-01-28 00:14:08', '2018-01-28 00:14:08'),
(115, 'laborum', 'Modi excepturi qui eius sunt. Eos nobis placeat unde. Et facere quibusdam corporis unde est a earum.', 0, 39, '2018-01-28 00:14:08', '2018-01-28 00:14:08'),
(116, 'sit', 'Quia a odio consequuntur voluptatem. Odit ut repellat est qui. Qui odit atque sunt. Voluptatum explicabo voluptas consequatur provident. Aperiam tempora perferendis quo qui provident dolores eum.', 1, 44, '2018-01-28 00:14:08', '2018-01-28 00:14:08'),
(117, 'perferendis', 'Animi nam possimus iusto. Doloribus velit id provident facere culpa officiis praesentium. Aliquam ut eius quos sapiente deleniti eligendi.', 5, 33, '2018-01-28 00:14:08', '2018-01-28 00:14:08'),
(118, 'repellendus', 'Ipsa nesciunt in ipsa doloremque. Consequatur modi excepturi exercitationem nisi error unde. Qui autem culpa nam. Veritatis molestiae omnis dolores fugit nesciunt error.', 4, 10, '2018-01-28 00:14:08', '2018-01-28 00:14:08'),
(119, 'eaque', 'At enim reprehenderit quidem deserunt et. Qui ut cupiditate dolor qui consectetur autem eos in. Non molestiae sed illo mollitia.', 5, 44, '2018-01-28 00:14:08', '2018-01-28 00:14:08'),
(120, 'earum', 'Molestiae voluptas voluptatum iure cumque non. Qui quos similique ratione possimus deserunt illo ab labore. Ratione ut accusamus quaerat ratione omnis. Dolores provident laboriosam inventore reprehenderit aut et.', 4, 31, '2018-01-28 00:14:08', '2018-01-28 00:14:08'),
(121, 'amet', 'Velit est quas quisquam architecto rem eos. Eos nihil officia quas adipisci. Aperiam eos voluptatum omnis consequatur. Et autem ea officiis ea voluptates necessitatibus ab.', 4, 13, '2018-01-28 00:14:08', '2018-01-28 00:14:08'),
(122, 'eligendi', 'Nulla illo est quaerat. Architecto itaque dicta consectetur amet. Molestiae non eos itaque blanditiis natus amet aperiam. Rerum sit id atque a quo et praesentium ipsum.', 2, 6, '2018-01-28 00:14:08', '2018-01-28 00:14:08'),
(123, 'accusamus', 'Officia architecto ut qui facere. Sit quia quam odit.', 1, 35, '2018-01-28 00:14:08', '2018-01-28 00:14:08'),
(124, 'atque', 'Quos ullam molestias quo sed. Consequatur unde quia rerum enim. Voluptatem ducimus dolor nihil nulla. Incidunt ut asperiores fugit veniam. Est rerum consequuntur consequatur voluptate totam.', 4, 35, '2018-01-28 00:14:08', '2018-01-28 00:14:08'),
(125, 'quam', 'Molestiae unde assumenda voluptatem ullam est. Quia laboriosam ad inventore ad. Quidem aut aut eligendi asperiores quo ea non. Aut omnis qui odio ut repellat est.', 4, 1, '2018-01-28 00:14:08', '2018-01-28 00:14:08'),
(126, 'odio', 'Officiis odit non aliquam. Vel qui occaecati aliquam ad. Quae nobis nihil iusto sint. Accusamus illum velit deserunt modi aut.', 4, 27, '2018-01-28 00:14:08', '2018-01-28 00:14:08'),
(127, 'modi', 'Enim iusto autem dolorem qui. Laborum consectetur amet et voluptatem itaque adipisci. Veniam aut sed ipsam expedita ducimus.', 0, 35, '2018-01-28 00:14:08', '2018-01-28 00:14:08'),
(128, 'aliquam', 'Id sequi voluptas rerum similique quo. Repellendus ea aut laudantium quam.', 1, 49, '2018-01-28 00:14:08', '2018-01-28 00:14:08'),
(129, 'sint', 'Voluptates officia quas cumque fugit ut. Sint eum accusantium veniam debitis voluptatem. Minus possimus aliquam voluptatum voluptatibus sit ad et.', 2, 34, '2018-01-28 00:14:08', '2018-01-28 00:14:08'),
(130, 'quod', 'Recusandae et aut cumque fugit animi et ullam. Sed nisi at repellat sit officiis. Et nihil et sunt excepturi quia praesentium. Est qui dolores dolorem vel consequatur.', 0, 31, '2018-01-28 00:14:08', '2018-01-28 00:14:08'),
(131, 'minus', 'Ut et assumenda sapiente sed ut quis voluptatem. Consectetur quia quis quod temporibus eveniet. Libero sed quia ex ut atque optio sed velit. Veritatis earum necessitatibus enim velit sunt.', 1, 34, '2018-01-28 00:14:09', '2018-01-28 00:14:09'),
(132, 'suscipit', 'Aut nesciunt ea corporis aut consequatur. Id pariatur quas et deserunt est explicabo consequatur qui. Assumenda voluptatem est sint debitis dolor architecto aut.', 0, 44, '2018-01-28 00:14:09', '2018-01-28 00:14:09'),
(133, 'inventore', 'Earum omnis sed adipisci tempora dolorem veniam. Magni deserunt deleniti ex id.', 3, 19, '2018-01-28 00:14:09', '2018-01-28 00:14:09'),
(134, 'necessitatibus', 'Nostrum nostrum quidem omnis ea. Aut autem corporis enim quis praesentium. Repudiandae enim quibusdam non architecto.', 3, 44, '2018-01-28 00:14:09', '2018-01-28 00:14:09'),
(135, 'impedit', 'Quo quod molestiae molestiae ullam quia voluptate. Qui rerum ut aliquid ea sunt laboriosam. Temporibus minima at provident eum consequuntur nemo. Suscipit suscipit et libero.', 0, 7, '2018-01-28 00:14:09', '2018-01-28 00:14:09'),
(136, 'maiores', 'Reprehenderit ullam eaque consequuntur sed omnis molestias dolor. Rerum eligendi rem aliquid qui eligendi quo id atque. Aperiam et enim temporibus accusamus. Doloribus beatae qui quis minus vero omnis ex.', 1, 15, '2018-01-28 00:14:09', '2018-01-28 00:14:09'),
(137, 'ea', 'Soluta odio necessitatibus qui eos non cumque quia. Quos repudiandae earum repellendus natus ea. Ad nostrum animi modi in ut.', 1, 7, '2018-01-28 00:14:09', '2018-01-28 00:14:09'),
(138, 'non', 'Quam enim quae autem aut dicta nam neque. Magnam ut facere sint nihil. Perferendis non harum ex dolores.', 0, 33, '2018-01-28 00:14:09', '2018-01-28 00:14:09'),
(139, 'corporis', 'Id minus et dolorem odio. Facere quia eos aut quam consequuntur itaque. Voluptatibus ut est ea numquam voluptatibus odit numquam occaecati. Expedita quas est est est. Quo quaerat quo non vitae autem.', 0, 48, '2018-01-28 00:14:09', '2018-01-28 00:14:09'),
(140, 'eligendi', 'Dolorem soluta ipsa placeat ut amet officiis ex. Optio quo quae laudantium unde voluptatum aliquam consequatur. Reprehenderit dolores odio sint officiis pariatur quod.', 2, 4, '2018-01-28 00:14:09', '2018-01-28 00:14:09'),
(141, 'sint', 'Ut aut animi inventore consequatur sapiente. Sit temporibus ut cupiditate iure laborum molestiae. Occaecati eum dolorem itaque aut tenetur a quia. Consequuntur officiis fugit cumque omnis voluptates dolorem laborum. Eius doloremque in molestiae at.', 0, 42, '2018-01-28 00:14:09', '2018-01-28 00:14:09'),
(142, 'qui', 'Reprehenderit corporis non tempore et rerum. Necessitatibus est assumenda voluptates laboriosam harum est.', 1, 18, '2018-01-28 00:14:09', '2018-01-28 00:14:09'),
(143, 'aut', 'Atque nisi mollitia reiciendis quo autem expedita. Sed voluptate vel voluptate laborum. Porro nobis magnam est doloremque qui. Et aut ipsum nam.', 1, 37, '2018-01-28 00:14:09', '2018-01-28 00:14:09'),
(144, 'aspernatur', 'Commodi ut et porro recusandae qui nostrum ex facere. Est consequuntur et totam exercitationem voluptas. Esse qui deleniti alias sed. Nihil maiores eius dignissimos et.', 1, 23, '2018-01-28 00:14:09', '2018-01-28 00:14:09'),
(145, 'voluptatem', 'Ullam et possimus eaque accusantium blanditiis quis. Quaerat doloribus aspernatur alias aut reprehenderit.', 2, 18, '2018-01-28 00:14:09', '2018-01-28 00:14:09'),
(146, 'quo', 'Ut incidunt iure et consectetur. Voluptas repudiandae et quas maiores placeat qui omnis. Quos vel sunt non facilis.', 2, 28, '2018-01-28 00:14:09', '2018-01-28 00:14:09'),
(147, 'ut', 'Vel deserunt neque sunt doloremque totam cumque alias. Et iure dolor aut error aut. Adipisci occaecati maxime corrupti praesentium asperiores. Provident modi tempore nemo.', 3, 13, '2018-01-28 00:14:09', '2018-01-28 00:14:09'),
(148, 'optio', 'Adipisci tenetur sint quis est veritatis. Veniam ipsam sint qui quod incidunt distinctio voluptatem. Pariatur et quisquam repellendus recusandae ex excepturi modi consequatur.', 2, 12, '2018-01-28 00:14:10', '2018-01-28 00:14:10'),
(149, 'accusamus', 'Iusto alias corporis non consequatur incidunt sed. Non eligendi aut alias et in vel et ut. Consequatur ut et ut ut voluptatibus ullam.', 0, 39, '2018-01-28 00:14:10', '2018-01-28 00:14:10'),
(150, 'reprehenderit', 'Eum deserunt quo est. Quia qui eos voluptate earum minus nostrum quae laborum. Alias molestiae id aut eos dolores.', 1, 18, '2018-01-28 00:14:10', '2018-01-28 00:14:10'),
(151, 'dolorem', 'Aliquam sit cum delectus. Neque sapiente impedit aut quia velit recusandae. Et ad sit saepe eum quidem.', 1, 26, '2018-01-28 00:14:10', '2018-01-28 00:14:10'),
(152, 'est', 'Amet consequatur quam fugit tenetur molestiae eos accusamus ea. Aut modi voluptatem sint officiis repudiandae ducimus. Qui voluptate illo blanditiis occaecati voluptate.', 2, 37, '2018-01-28 00:14:10', '2018-01-28 00:14:10'),
(153, 'ratione', 'Qui facere delectus a earum ut voluptas repudiandae. Mollitia corporis dolores quam odit ut accusantium. Asperiores culpa aut ipsum quae laudantium id et voluptates.', 5, 31, '2018-01-28 00:14:10', '2018-01-28 00:14:10'),
(154, 'id', 'Qui mollitia dolorem cupiditate et nobis aut autem. Natus consequuntur possimus nihil harum occaecati. Sed aut ea voluptatem sunt consequuntur. Enim ea eaque velit.', 1, 24, '2018-01-28 00:14:10', '2018-01-28 00:14:10'),
(155, 'cum', 'Enim voluptate sint necessitatibus iste id deserunt. Aliquid quod at dolorem debitis et quidem. Dolorem fugiat maxime voluptatem.', 2, 35, '2018-01-28 00:14:10', '2018-01-28 00:14:10'),
(156, 'eius', 'Labore enim delectus est repellendus. Voluptatem alias sit aspernatur sequi quidem consequatur. Dolor corrupti ut culpa repudiandae voluptates tenetur.', 4, 45, '2018-01-28 00:14:10', '2018-01-28 00:14:10'),
(157, 'sed', 'Voluptatum est molestias debitis doloremque molestias ut. Consequatur nisi et facere harum eos consequatur nihil. Quae dicta et nulla sunt eligendi soluta quia eius.', 1, 29, '2018-01-28 00:14:10', '2018-01-28 00:14:10'),
(158, 'voluptate', 'Soluta modi dolor distinctio. Id quo laboriosam iste dolores dolore officia qui. Odit aut quidem officia est est. Id ab et animi aspernatur iure.', 1, 48, '2018-01-28 00:14:10', '2018-01-28 00:14:10'),
(159, 'et', 'Delectus voluptatem praesentium molestias iusto labore labore sed. Quae eum tenetur in eos repudiandae odio. Voluptatem cupiditate sed debitis quia omnis. Eaque asperiores modi dolorem ut ratione et.', 3, 24, '2018-01-28 00:14:10', '2018-01-28 00:14:10'),
(160, 'nulla', 'Eum perspiciatis iste voluptatibus illo atque omnis nam. Nihil nulla enim commodi vitae eum. In consequuntur id dolorem possimus voluptatem reprehenderit vitae. Aut amet perspiciatis sed impedit quod.', 0, 29, '2018-01-28 00:14:10', '2018-01-28 00:14:10'),
(161, 'esse', 'Esse numquam tempore veritatis dolor laborum. Omnis unde numquam recusandae reprehenderit. Ex illo eaque laudantium voluptate a.', 2, 44, '2018-01-28 00:14:10', '2018-01-28 00:14:10'),
(162, 'laboriosam', 'Id suscipit dolore pariatur doloribus. Sint ad laudantium qui. Repellat quas at pariatur doloribus.', 0, 11, '2018-01-28 00:14:10', '2018-01-28 00:14:10'),
(163, 'eos', 'Aspernatur voluptatem quisquam voluptatem natus aliquid numquam ducimus et. Architecto deleniti eum incidunt sapiente necessitatibus vero nihil. Aut adipisci velit labore molestias repudiandae ea. Aut nam non quis quaerat recusandae vero ex.', 3, 3, '2018-01-28 00:14:10', '2018-01-28 00:14:10'),
(164, 'ab', 'Fuga quae aut modi. Culpa quo et inventore. Explicabo cumque iste et assumenda magnam est.', 1, 25, '2018-01-28 00:14:10', '2018-01-28 00:14:10'),
(165, 'quia', 'Neque ipsa fuga enim tempore aut aut. Saepe quod qui totam earum aperiam.', 4, 30, '2018-01-28 00:14:11', '2018-01-28 00:14:11'),
(166, 'suscipit', 'Nulla rem sapiente molestiae cupiditate nostrum. Ut consequatur dolores corrupti repellat. Minima vel culpa quibusdam velit. Commodi ex inventore voluptatem et nesciunt voluptatem.', 5, 4, '2018-01-28 00:14:11', '2018-01-28 00:14:11'),
(167, 'accusantium', 'Qui quo eos assumenda exercitationem rerum officia nulla. Dolores repellat saepe officia magnam adipisci sed molestias. Qui possimus voluptatibus tempora.', 4, 7, '2018-01-28 00:14:11', '2018-01-28 00:14:11'),
(168, 'commodi', 'A reprehenderit quia aut animi vero doloribus. Tempora quaerat et omnis voluptatum harum ipsa. Tempore dolore voluptatem et dolorem sit nostrum. Nostrum et quis eum explicabo corporis et et porro.', 3, 3, '2018-01-28 00:14:11', '2018-01-28 00:14:11'),
(169, 'sed', 'Repudiandae distinctio ab officiis dicta dolor dolores. Sunt id aut quis eius. Aut vel dolorem iusto cumque.', 0, 18, '2018-01-28 00:14:11', '2018-01-28 00:14:11'),
(170, 'qui', 'Repellendus eum dolores quod eum. Atque consequuntur laboriosam modi sit. Qui non in magni ipsam deserunt. Consequatur explicabo natus aspernatur neque vel.', 4, 26, '2018-01-28 00:14:11', '2018-01-28 00:14:11'),
(171, 'aut', 'Rerum vel enim accusantium veritatis. Natus eligendi reiciendis harum unde unde quia quia. Quos maiores quia quia et.', 4, 21, '2018-01-28 00:14:11', '2018-01-28 00:14:11'),
(172, 'quo', 'Sunt quidem rerum ullam debitis qui fugit saepe. Aspernatur iste illum unde blanditiis sequi. Praesentium minima corporis aut dolorem. Aut suscipit quis et optio dolor consequatur voluptatem cum.', 1, 45, '2018-01-28 00:14:11', '2018-01-28 00:14:11'),
(173, 'assumenda', 'Pariatur ab veniam consectetur quos voluptatem. Cumque blanditiis alias voluptatem ullam corporis maiores odit. Ut minus id ratione quia maxime dolor rerum harum. Quasi amet dolor consequuntur ipsam.', 4, 16, '2018-01-28 00:14:11', '2018-01-28 00:14:11'),
(174, 'labore', 'Voluptate ut et consequatur qui quas sit. Inventore quaerat facilis ea reprehenderit eum. Expedita vero beatae tenetur distinctio atque beatae enim. Eos et aut quod fuga ut similique vel.', 4, 17, '2018-01-28 00:14:11', '2018-01-28 00:14:11'),
(175, 'dolorem', 'Fugit et rem quia a. Porro ut aperiam consequatur vero autem sequi. Temporibus sed sint ad tempore aut asperiores. Omnis sint aut sed non eos.', 1, 17, '2018-01-28 00:14:11', '2018-01-28 00:14:11'),
(176, 'ut', 'Qui autem doloremque provident tenetur placeat. Est quaerat aliquam accusamus quos aut atque. Suscipit qui quia ratione corporis. Laboriosam tempore culpa ut.', 3, 7, '2018-01-28 00:14:11', '2018-01-28 00:14:11'),
(177, 'qui', 'Aut sapiente nesciunt atque expedita iste sint libero maxime. Dolores facilis accusantium excepturi. Voluptatem ex doloribus odio laborum perferendis excepturi earum debitis. Eos voluptates sed qui laboriosam ut vel recusandae. Expedita et et eligendi nemo molestias quis.', 2, 1, '2018-01-28 00:14:11', '2018-01-28 00:14:11'),
(178, 'aut', 'Ut hic sed itaque accusamus. Quam placeat dolorem exercitationem ratione. Dolore quibusdam qui pariatur minus. Omnis et voluptas quasi cumque.', 4, 48, '2018-01-28 00:14:11', '2018-01-28 00:14:11'),
(179, 'fugiat', 'Atque qui et earum dolorem id. Quam magnam reiciendis pariatur modi aliquid voluptatem et. Voluptas tenetur voluptatibus consequatur consequatur eos nihil. Cumque est dignissimos ut maiores.', 1, 27, '2018-01-28 00:14:11', '2018-01-28 00:14:11'),
(180, 'vel', 'Voluptatem omnis aliquam dolor pariatur alias neque est. Officiis natus porro cumque. Cupiditate laborum ratione repellendus dignissimos unde nesciunt. Placeat placeat porro in beatae quis.', 0, 46, '2018-01-28 00:14:11', '2018-01-28 00:14:11'),
(181, 'ducimus', 'Autem itaque eum ea vitae quibusdam doloremque. Et est unde deserunt est. Explicabo sed repellendus voluptas accusamus alias consequatur qui. Assumenda consequatur aperiam autem dicta placeat cupiditate beatae et.', 3, 42, '2018-01-28 00:14:12', '2018-01-28 00:14:12'),
(182, 'animi', 'Eum rem aut recusandae magni fuga. Provident rem qui incidunt nesciunt nostrum voluptatem exercitationem facilis. Aut aut repudiandae aut molestias. Distinctio tempora natus rerum aperiam similique.', 2, 43, '2018-01-28 00:14:12', '2018-01-28 00:14:12'),
(183, 'optio', 'Numquam aut voluptatem sequi minus enim. Et deleniti veritatis ut. Unde excepturi aut dolorem nihil omnis. Perferendis aspernatur et veritatis atque officia.', 0, 7, '2018-01-28 00:14:12', '2018-01-28 00:14:12'),
(184, 'ea', 'Voluptate quia ea laudantium quis sit. Eligendi error unde quo. Et mollitia omnis cum ab. Sint voluptatibus magni aut et est ipsa repellendus enim.', 1, 19, '2018-01-28 00:14:12', '2018-01-28 00:14:12'),
(185, 'saepe', 'Vero sit sit aliquid consequatur ipsum. Laborum dolorem earum unde quod autem ea.', 1, 20, '2018-01-28 00:14:12', '2018-01-28 00:14:12'),
(186, 'repudiandae', 'Dolores voluptatem vero et blanditiis labore optio. Praesentium cumque consequuntur est qui reprehenderit suscipit nam. Cum repellendus corporis laboriosam sed sed ab rerum. Vel qui delectus eos tempora.', 2, 38, '2018-01-28 00:14:12', '2018-01-28 00:14:12'),
(187, 'eos', 'Minima dolorum nulla veniam. Veritatis error aliquam est quia eos reprehenderit accusantium. Nostrum magni corrupti accusamus eveniet provident dicta omnis.', 4, 20, '2018-01-28 00:14:12', '2018-01-28 00:14:12'),
(188, 'at', 'Dolorem repellendus molestiae doloribus nulla temporibus delectus. Atque nisi enim consequuntur eos ut qui reprehenderit repellendus. Asperiores ab enim voluptas aut consequatur.', 4, 16, '2018-01-28 00:14:12', '2018-01-28 00:14:12'),
(189, 'laboriosam', 'Voluptates nobis nulla voluptatem itaque numquam recusandae. Error sit corrupti voluptas sit facere eos ab. Dicta dolorem nulla autem. Maxime sed est ex sint ut reiciendis placeat.', 1, 3, '2018-01-28 00:14:12', '2018-01-28 00:14:12'),
(190, 'fugiat', 'Aliquid tempora non veniam illum. Quis fugiat aliquam aut quasi. Aut perferendis sit itaque unde quaerat.', 1, 48, '2018-01-28 00:14:12', '2018-01-28 00:14:12'),
(191, 'sunt', 'Nemo iure esse sed labore nesciunt pariatur. Et ut aliquam culpa alias voluptatem doloribus. Itaque et et in asperiores in nulla sit. Sint doloremque molestiae illum id dolores quos perferendis.', 0, 10, '2018-01-28 00:14:12', '2018-01-28 00:14:12'),
(192, 'dolores', 'Eligendi dignissimos est dolor. Reiciendis ut aut dolorum ex. Iusto nemo id consequuntur in necessitatibus fugiat ratione. Ipsum consequatur quia et et.', 3, 41, '2018-01-28 00:14:12', '2018-01-28 00:14:12'),
(193, 'doloribus', 'Voluptatem a error ab quia quia nisi reprehenderit. Repellat molestiae culpa nemo cum unde. Consectetur ea ullam vel minima. Blanditiis exercitationem aliquid dolorem delectus est voluptatem. Itaque ratione vero atque nemo nostrum.', 0, 33, '2018-01-28 00:14:12', '2018-01-28 00:14:12'),
(194, 'voluptas', 'Culpa ut est vero aut. Eius sunt possimus quam vitae impedit facere voluptatem. Quibusdam quasi itaque blanditiis vero repudiandae.', 1, 19, '2018-01-28 00:14:12', '2018-01-28 00:14:12'),
(195, 'rerum', 'Earum velit eligendi voluptate dolorem ea omnis hic. Quibusdam hic est dolor provident ut voluptas saepe. Sequi omnis quis esse consequuntur iste aut fugit voluptatem. Beatae ut adipisci odit debitis quae.', 2, 33, '2018-01-28 00:14:12', '2018-01-28 00:14:12'),
(196, 'qui', 'Impedit quis dolores reiciendis et et est. Atque nihil voluptas incidunt harum consequatur ex aut. Saepe a eligendi officia voluptate sint libero aut nobis.', 1, 35, '2018-01-28 00:14:13', '2018-01-28 00:14:13'),
(197, 'accusamus', 'Dolore nostrum nisi voluptatibus nihil iure. Nesciunt autem debitis qui corrupti minima nihil officia. Similique saepe soluta ut architecto aut voluptatum ut.', 2, 26, '2018-01-28 00:14:13', '2018-01-28 00:14:13'),
(198, 'ut', 'Vitae ut ipsam voluptate magni perspiciatis. Est aut exercitationem ut. Et sed voluptas velit non. Eum incidunt deleniti autem iure.', 4, 27, '2018-01-28 00:14:13', '2018-01-28 00:14:13'),
(199, 'optio', 'Ut eaque quisquam nihil delectus aperiam accusamus. Est nobis impedit ad iste accusamus. Consequatur cum praesentium ipsa saepe dicta. Dolores et cumque sapiente reprehenderit.', 3, 31, '2018-01-28 00:14:13', '2018-01-28 00:14:13'),
(200, 'accusantium', 'Aut ducimus dolor ducimus. At et molestias vel quaerat quam modi. Deserunt sint harum nemo omnis.', 1, 16, '2018-01-28 00:14:13', '2018-01-28 00:14:13'),
(201, 'et', 'Perspiciatis eum vitae accusamus velit. Molestiae ad dolorem voluptate consequatur id. Officia quos aliquid iste rem.', 2, 11, '2018-01-28 00:14:13', '2018-01-28 00:14:13'),
(202, 'provident', 'Ipsa explicabo maxime est alias omnis expedita esse. Expedita qui ratione distinctio distinctio quasi id doloremque. Ullam aut omnis eum quis quia. Ut quis earum quas enim. Velit quo a cupiditate praesentium.', 1, 45, '2018-01-28 00:14:13', '2018-01-28 00:14:13'),
(203, 'odit', 'Voluptas ad quam excepturi eum consectetur. Velit quasi sunt voluptatibus. Minima animi dolores necessitatibus ex. Libero ut laborum in facere.', 3, 39, '2018-01-28 00:14:13', '2018-01-28 00:14:13'),
(204, 'quia', 'Et sit voluptatum numquam ratione consequatur eius quasi. Vero a dicta earum similique. Ratione amet maxime et.', 4, 25, '2018-01-28 00:14:13', '2018-01-28 00:14:13'),
(205, 'corrupti', 'Eligendi distinctio minima minus assumenda aspernatur. Inventore libero porro quia voluptatem. Nulla et laudantium et illum.', 5, 42, '2018-01-28 00:14:13', '2018-01-28 00:14:13'),
(206, 'reiciendis', 'Voluptatum commodi deserunt ad aut. Quidem accusantium quo laborum dolor maxime. Sunt animi repellendus impedit et error.', 4, 49, '2018-01-28 00:14:13', '2018-01-28 00:14:13'),
(207, 'quasi', 'Et illum sint explicabo et nesciunt aut blanditiis. Quia molestiae consequuntur aut pariatur aut. Voluptates unde neque accusantium hic voluptatem sint.', 0, 39, '2018-01-28 00:14:13', '2018-01-28 00:14:13'),
(208, 'veritatis', 'Est similique maiores voluptatem alias. Enim qui sed ea animi nulla cumque. Deserunt minus sit qui labore quaerat. Dolor dolorem ut accusantium magni.', 3, 20, '2018-01-28 00:14:13', '2018-01-28 00:14:13'),
(209, 'qui', 'Accusantium tempore voluptatem libero cumque est tempora. Sed distinctio officiis aut deleniti consequatur sint aut. Et quia enim atque qui eveniet dolorem vel. Amet nostrum eum eveniet aspernatur sed optio aliquam.', 2, 36, '2018-01-28 00:14:13', '2018-01-28 00:14:13'),
(210, 'recusandae', 'Dolorum et voluptatibus quis praesentium cupiditate quam aperiam et. Rem ipsum vel aliquam corrupti.', 5, 35, '2018-01-28 00:14:13', '2018-01-28 00:14:13'),
(211, 'consequuntur', 'Voluptatem voluptatum commodi dicta deleniti. Maxime error magni qui quia quod illum quisquam. Aut ipsam similique non impedit itaque voluptas.', 0, 41, '2018-01-28 00:14:13', '2018-01-28 00:14:13'),
(212, 'a', 'Vel sit et laboriosam autem. Repudiandae sapiente itaque autem eius ducimus nihil. Velit veniam dolor sapiente sequi.', 0, 34, '2018-01-28 00:14:14', '2018-01-28 00:14:14'),
(213, 'sit', 'Iure non quibusdam dignissimos adipisci. Quia rerum qui quod perspiciatis voluptatem est veniam.', 0, 2, '2018-01-28 00:14:14', '2018-01-28 00:14:14'),
(214, 'eligendi', 'Ex ut non et accusantium in modi quia. Corrupti ratione quae voluptatem ea ipsam ullam possimus soluta. Dignissimos soluta cum vitae. Accusantium veniam suscipit doloribus sint consectetur. Reiciendis possimus sapiente tempora neque debitis explicabo eveniet.', 5, 15, '2018-01-28 00:14:14', '2018-01-28 00:14:14'),
(215, 'temporibus', 'Autem ad deleniti et et qui commodi commodi. Consequatur veritatis ut ratione adipisci vero sint. Dignissimos velit reiciendis dolor accusantium rerum explicabo voluptas. Quasi voluptatem ea reprehenderit ab.', 4, 30, '2018-01-28 00:14:14', '2018-01-28 00:14:14'),
(216, 'ex', 'Sequi pariatur qui eos asperiores omnis fugiat aliquid deserunt. Molestiae nostrum minus quo rerum. Labore sit ut corrupti similique.', 3, 15, '2018-01-28 00:14:14', '2018-01-28 00:14:14'),
(217, 'iste', 'Quidem maiores doloribus deleniti et ex. Voluptatem omnis placeat dolorem minus et.', 1, 16, '2018-01-28 00:14:14', '2018-01-28 00:14:14'),
(218, 'tenetur', 'Labore voluptas ipsa voluptatem. Rerum amet quo tempora quaerat mollitia quis sunt. Voluptatem aut earum doloribus qui.', 1, 14, '2018-01-28 00:14:14', '2018-01-28 00:14:14');
INSERT INTO `reviews` (`id`, `customer`, `review`, `star`, `product_id`, `created_at`, `updated_at`) VALUES
(219, 'delectus', 'Et et amet ipsum animi eligendi nihil. Iure omnis omnis rerum praesentium perferendis aut. Nemo dolores sequi dolore unde nisi quidem consequatur enim.', 5, 8, '2018-01-28 00:14:14', '2018-01-28 00:14:14'),
(220, 'consequuntur', 'Adipisci cupiditate explicabo eaque deserunt perspiciatis veritatis dolor. Error corporis et nam nobis earum non quo. Et est accusamus vero aut quisquam voluptatem ipsa. Fugiat non expedita modi fugiat ea unde vitae libero.', 1, 14, '2018-01-28 00:14:14', '2018-01-28 00:14:14'),
(221, 'ut', 'Ratione harum odit commodi culpa. Quasi ab beatae officiis cumque occaecati debitis omnis. Autem nihil numquam qui rem repellat.', 2, 28, '2018-01-28 00:14:14', '2018-01-28 00:14:14'),
(222, 'aut', 'Sint quas omnis dolore sit quam cumque expedita. Ut ex ut quo ipsa qui enim. Cum in illum aut eveniet. Aut vero nobis omnis excepturi id et.', 5, 46, '2018-01-28 00:14:14', '2018-01-28 00:14:14'),
(223, 'fugit', 'Ullam quia facere non saepe minima quos. Rerum esse unde debitis in excepturi cum. In consequuntur quia voluptatum odio. Voluptatem perspiciatis et deleniti maxime.', 5, 8, '2018-01-28 00:14:14', '2018-01-28 00:14:14'),
(224, 'laboriosam', 'Est unde non earum reiciendis facere aut odit quo. Doloremque sunt consequuntur et qui. Quidem nostrum eaque laboriosam magnam.', 3, 22, '2018-01-28 00:14:14', '2018-01-28 00:14:14'),
(225, 'cumque', 'Nesciunt aut et aperiam explicabo porro consequatur. Eos qui eum possimus ut vel. Quibusdam ea sed velit et. Expedita assumenda quam ut illo sint.', 0, 32, '2018-01-28 00:14:14', '2018-01-28 00:14:14'),
(226, 'et', 'Itaque quidem est aut aut quasi fuga. Quis quasi blanditiis ut dignissimos eum quis et ipsam.', 3, 21, '2018-01-28 00:14:14', '2018-01-28 00:14:14'),
(227, 'voluptatibus', 'Nesciunt fugit eaque quia repellat sint quis dolor. Amet id vero dolor veritatis vero illo. Laborum quisquam est qui aspernatur facere.', 2, 9, '2018-01-28 00:14:14', '2018-01-28 00:14:14'),
(228, 'vero', 'Omnis perferendis repellendus iste est unde officiis asperiores. Consequuntur eos omnis sequi consequuntur voluptatem praesentium distinctio dolorum. Eligendi sequi in ullam eaque.', 0, 29, '2018-01-28 00:14:14', '2018-01-28 00:14:14'),
(229, 'quo', 'Impedit ad dolorem quae quisquam occaecati sit. Officia dolor natus voluptas magnam. Molestiae distinctio fugiat suscipit ut. Omnis cupiditate dolores reiciendis aut aut eos fuga numquam.', 2, 40, '2018-01-28 00:14:15', '2018-01-28 00:14:15'),
(230, 'tempora', 'Et sint fugit et eum libero molestiae ipsa. Omnis autem officiis doloremque omnis nostrum dolor sit. Omnis in deserunt cum rerum voluptatem vel.', 1, 2, '2018-01-28 00:14:15', '2018-01-28 00:14:15'),
(231, 'numquam', 'Quibusdam et non non porro eum impedit. Voluptate excepturi unde minus voluptate velit velit itaque. Voluptate repellendus totam autem iusto et sint architecto. Iure et maxime sint odit non dolore repellat.', 3, 26, '2018-01-28 00:14:15', '2018-01-28 00:14:15'),
(232, 'quia', 'Est quia ullam commodi voluptatum nostrum nam. Porro reiciendis modi illo quisquam. Aut odit quae quos omnis eveniet in vel. Molestiae omnis ut a similique quia.', 2, 18, '2018-01-28 00:14:15', '2018-01-28 00:14:15'),
(233, 'inventore', 'Esse fuga porro iste vitae non ipsa quasi error. Sunt perspiciatis omnis sit. Laudantium officia quis sed ut.', 4, 47, '2018-01-28 00:14:15', '2018-01-28 00:14:15'),
(234, 'aut', 'Quia omnis mollitia distinctio consequatur amet et. Alias aut et temporibus quia. Ut atque voluptates eaque ipsam. Nobis et consequuntur quia exercitationem consequatur odio hic.', 1, 19, '2018-01-28 00:14:15', '2018-01-28 00:14:15'),
(235, 'iusto', 'Quod vero reiciendis placeat. Est laudantium voluptatem quibusdam voluptas. Fuga ut est consequuntur qui ipsam assumenda mollitia est.', 2, 1, '2018-01-28 00:14:15', '2018-01-28 00:14:15'),
(236, 'quia', 'Quae adipisci non dolorem dolore expedita quo. Natus quo velit odio optio. Et autem minima nostrum incidunt possimus earum.', 5, 7, '2018-01-28 00:14:15', '2018-01-28 00:14:15'),
(237, 'quisquam', 'Modi mollitia repellendus saepe natus ut. Inventore inventore blanditiis incidunt sit nulla libero dolorem ut. Vel ducimus ut pariatur alias nihil ipsa aut. Rerum dolores reiciendis odio dolorem commodi ut ex.', 5, 32, '2018-01-28 00:14:15', '2018-01-28 00:14:15'),
(238, 'asperiores', 'Quis illum magni aut animi atque voluptatum. Consequuntur quo laudantium sed ea aperiam. Cum voluptatibus nihil possimus fugiat.', 3, 48, '2018-01-28 00:14:15', '2018-01-28 00:14:15'),
(239, 'totam', 'Ut ea deserunt facere dolorem accusamus nulla. Possimus quam accusamus sapiente fugiat est vero. Et sunt ipsum dignissimos quis aliquid.', 3, 27, '2018-01-28 00:14:15', '2018-01-28 00:14:15'),
(240, 'aut', 'Temporibus sint vero tenetur sapiente ea. Sed et non eligendi et ea. Voluptates in est minus ullam qui ab debitis. Aut doloremque veritatis rem facere cum.', 3, 13, '2018-01-28 00:14:15', '2018-01-28 00:14:15'),
(241, 'aut', 'Dolorum rem quia aut laudantium est velit. Modi possimus aspernatur et possimus. Consequatur dolores accusamus consequuntur nostrum corporis cum. Maiores et illum ut a vel quia asperiores.', 3, 18, '2018-01-28 00:14:15', '2018-01-28 00:14:15'),
(242, 'qui', 'Sit hic itaque omnis est quia. Voluptatum ducimus rerum quia. Consectetur non eum nesciunt placeat. Et assumenda veritatis aut at nihil iste voluptatem.', 5, 19, '2018-01-28 00:14:15', '2018-01-28 00:14:15'),
(243, 'consequuntur', 'Enim quis et est unde. Iste qui ut qui minus error expedita amet. Sunt ex iusto sed iure ducimus porro odio.', 1, 50, '2018-01-28 00:14:15', '2018-01-28 00:14:15'),
(244, 'in', 'Nobis fugit non dolore repellendus expedita dolor ipsa. Rerum maiores distinctio asperiores quis. Consequatur deserunt quae repudiandae.', 2, 37, '2018-01-28 00:14:15', '2018-01-28 00:14:15'),
(245, 'et', 'Officiis velit nisi sed rerum. Maxime consequatur quia voluptatem consequatur explicabo. Omnis quia aut laudantium ipsam aut. Ex labore sunt exercitationem quae dignissimos laborum doloremque.', 5, 37, '2018-01-28 00:14:15', '2018-01-28 00:14:15'),
(246, 'doloremque', 'Repellat sapiente fugit laudantium accusamus eius eligendi. Distinctio et cum nulla fuga id voluptatem. Maiores nihil odit quae provident aperiam. Non qui vel magnam unde ut rem.', 1, 16, '2018-01-28 00:14:16', '2018-01-28 00:14:16'),
(247, 'nemo', 'Voluptatem vitae et incidunt facilis nihil. Ipsa maxime inventore labore. Minus ea quas qui rem accusamus eum facere.', 0, 27, '2018-01-28 00:14:16', '2018-01-28 00:14:16'),
(248, 'est', 'Fugiat harum iste sed cum doloremque delectus dolorem. Molestias rem accusamus et magni qui et. Eum voluptates quia aliquam asperiores. At earum officia ipsam harum sed.', 5, 8, '2018-01-28 00:14:16', '2018-01-28 00:14:16'),
(249, 'autem', 'Libero quae perferendis ad ipsum quidem. Sed dolores sunt assumenda provident. Facilis nesciunt veniam magnam vel.', 1, 16, '2018-01-28 00:14:16', '2018-01-28 00:14:16'),
(250, 'ex', 'Sed reiciendis et vel animi. Voluptas eaque odit iste facere laudantium esse. Ea sit qui consequuntur natus.', 0, 48, '2018-01-28 00:14:16', '2018-01-28 00:14:16'),
(251, 'animi', 'Consequatur inventore occaecati fuga sit voluptatem ad aliquam similique. Tenetur et itaque et praesentium nihil. Aut non occaecati esse voluptatem.', 3, 46, '2018-01-28 00:14:16', '2018-01-28 00:14:16'),
(252, 'sapiente', 'Non qui repudiandae porro quae. Ut voluptatem blanditiis atque eos tempora quidem.', 2, 32, '2018-01-28 00:14:16', '2018-01-28 00:14:16'),
(253, 'praesentium', 'Repellendus velit eligendi corrupti placeat vel voluptatum. Et voluptatem quaerat maiores quia aut. Ut et quo est libero nostrum. Temporibus sint corporis dolores voluptatum. Ratione ut consequatur optio et voluptatem sed non.', 0, 21, '2018-01-28 00:14:16', '2018-01-28 00:14:16'),
(254, 'iste', 'Voluptatem cumque repudiandae maiores dolore nobis enim. Similique sint qui est eum omnis. Delectus ab nobis optio corporis commodi sapiente. Accusantium facere commodi numquam est.', 5, 24, '2018-01-28 00:14:16', '2018-01-28 00:14:16'),
(255, 'harum', 'Quibusdam animi eos voluptatum ea explicabo labore temporibus quia. Quam aut laboriosam dolor iusto fugiat. Dolores est velit molestiae.', 4, 27, '2018-01-28 00:14:16', '2018-01-28 00:14:16'),
(256, 'rerum', 'Enim provident et earum debitis. Et sint eos consequatur eaque nam labore nobis. Unde earum cum qui rerum amet aut et. Aut ipsam quod repellat consequatur nostrum nam inventore.', 0, 50, '2018-01-28 00:14:16', '2018-01-28 00:14:16'),
(257, 'laborum', 'Possimus non et rem assumenda. Quod incidunt amet at consequatur illo sapiente saepe. Perspiciatis commodi exercitationem perferendis error adipisci quisquam id. Quo enim ex repellat numquam laborum beatae velit.', 4, 40, '2018-01-28 00:14:16', '2018-01-28 00:14:16'),
(258, 'rerum', 'Ab est mollitia itaque similique ipsa cumque architecto et. Praesentium omnis quae minima qui. Magnam harum eos corrupti.', 0, 20, '2018-01-28 00:14:16', '2018-01-28 00:14:16'),
(259, 'quasi', 'Aut inventore iste soluta beatae dolores. Et soluta sint reiciendis consectetur. Eaque ut a et quibusdam.', 5, 4, '2018-01-28 00:14:16', '2018-01-28 00:14:16'),
(260, 'quas', 'Cumque perferendis esse nam in eius officiis. Expedita animi eius molestiae quia eligendi culpa quas. Atque cumque et autem ut vero debitis qui.', 2, 33, '2018-01-28 00:14:16', '2018-01-28 00:14:16'),
(261, 'et', 'Debitis a soluta possimus. Excepturi in molestiae quia qui nulla soluta est. Deserunt ea delectus maiores neque.', 5, 38, '2018-01-28 00:14:16', '2018-01-28 00:14:16'),
(262, 'voluptas', 'Perferendis ab atque voluptas eos non nostrum. Necessitatibus quibusdam reprehenderit non facilis qui. Pariatur ut voluptate voluptatibus quis vel placeat aliquid. Fugiat quia dignissimos ipsam eos.', 5, 39, '2018-01-28 00:14:17', '2018-01-28 00:14:17'),
(263, 'ipsa', 'Officia necessitatibus quod culpa et ratione. Odio nesciunt rerum molestiae reiciendis laudantium impedit. Temporibus quidem aut dolores enim sit aliquam vel. Sapiente fugiat sint suscipit atque aut. Quo illum neque dicta.', 5, 38, '2018-01-28 00:14:17', '2018-01-28 00:14:17'),
(264, 'quibusdam', 'Facilis incidunt temporibus enim magni. Nemo sunt animi id. Ut sit pariatur minima.', 0, 24, '2018-01-28 00:14:17', '2018-01-28 00:14:17'),
(265, 'iure', 'Autem et nobis inventore sit nobis dolores. Quia quo ipsum cumque nisi. Blanditiis et porro inventore facere.', 1, 32, '2018-01-28 00:14:17', '2018-01-28 00:14:17'),
(266, 'ut', 'Praesentium quaerat omnis dolores. Aut et et corrupti eaque animi. Dolorem nemo qui voluptatem est fuga ut.', 5, 29, '2018-01-28 00:14:17', '2018-01-28 00:14:17'),
(267, 'repudiandae', 'Asperiores dolorem earum recusandae non. Nihil modi ut incidunt ea molestias. Molestiae corrupti eaque sapiente repudiandae minus esse nesciunt.', 2, 46, '2018-01-28 00:14:17', '2018-01-28 00:14:17'),
(268, 'ullam', 'Adipisci qui voluptatem dolor similique nam. Voluptatem illo quia ex voluptatem consequatur ea omnis. Quia in et officiis autem aut distinctio adipisci.', 4, 10, '2018-01-28 00:14:17', '2018-01-28 00:14:17'),
(269, 'debitis', 'Voluptate dolor aliquam qui dolorem aperiam ipsam. Eos molestias qui numquam.', 1, 26, '2018-01-28 00:14:17', '2018-01-28 00:14:17'),
(270, 'placeat', 'Possimus dolorem occaecati laudantium et. Facilis inventore rerum reiciendis dolor dolorem. Quibusdam voluptas debitis odio est. Sed ipsum beatae est non voluptatem.', 5, 50, '2018-01-28 00:14:17', '2018-01-28 00:14:17'),
(271, 'reprehenderit', 'Qui nulla deserunt aut dolorem assumenda. Et ut illo in cupiditate sunt cum. Blanditiis eos est debitis quae autem qui.', 2, 4, '2018-01-28 00:14:17', '2018-01-28 00:14:17'),
(272, 'quis', 'Ducimus aut voluptatum et commodi. Repudiandae quia omnis accusamus rerum quia perferendis. Excepturi eum dolore consequuntur provident soluta asperiores.', 0, 25, '2018-01-28 00:14:17', '2018-01-28 00:14:17'),
(273, 'rerum', 'Placeat ab magni omnis velit magni. Iure aliquid ut quaerat laudantium eligendi odio voluptas. Ratione magni pariatur et aliquid.', 3, 24, '2018-01-28 00:14:17', '2018-01-28 00:14:17'),
(274, 'et', 'Et animi ut nihil perferendis labore qui. Cum eum dolores dolorem aliquid. Dolorem minima inventore illum vero provident. Aut iure libero beatae sequi.', 3, 1, '2018-01-28 00:14:17', '2018-01-28 00:14:17'),
(275, 'magnam', 'Suscipit magnam reprehenderit maiores eos autem. Perferendis sequi adipisci hic. Non est perferendis atque et sit qui. Est quos in dolores animi voluptas facilis amet. Doloremque quae aliquam molestias sed ea mollitia voluptatibus.', 1, 21, '2018-01-28 00:14:17', '2018-01-28 00:14:17'),
(276, 'quia', 'Autem illum dicta quaerat porro facere quis quia. Rerum dolor sit nobis vero mollitia. Temporibus quis quia expedita est veritatis adipisci.', 0, 2, '2018-01-28 00:14:17', '2018-01-28 00:14:17'),
(277, 'ex', 'Maiores facilis ratione maiores similique quam voluptatibus in itaque. Quia quidem qui aut delectus. Nulla doloribus laborum voluptatibus vel.', 2, 6, '2018-01-28 00:14:17', '2018-01-28 00:14:17'),
(278, 'voluptatem', 'Sequi necessitatibus consequatur dolorum enim in. Autem odit consectetur totam omnis laborum. Et rerum nesciunt dolor voluptatum ipsum aliquam debitis.', 4, 21, '2018-01-28 00:14:17', '2018-01-28 00:14:17'),
(279, 'facilis', 'Possimus quis similique dicta architecto dignissimos corrupti porro. Quidem est omnis similique et laboriosam deleniti. Impedit possimus nostrum sint magnam doloremque cum. Similique explicabo occaecati ea et ut non placeat.', 5, 47, '2018-01-28 00:14:17', '2018-01-28 00:14:17'),
(280, 'eos', 'Hic laborum error itaque quo eos quia. Optio praesentium ut sapiente. Quis a voluptas sint vitae alias rerum ullam rerum. Repellat quidem natus rerum reprehenderit.', 1, 32, '2018-01-28 00:14:18', '2018-01-28 00:14:18'),
(281, 'quia', 'Laboriosam itaque dignissimos et neque ut vel vel. Illum qui eum veniam sed neque temporibus. Ut aut ut porro.', 3, 42, '2018-01-28 00:14:18', '2018-01-28 00:14:18'),
(282, 'praesentium', 'Minima delectus atque explicabo modi sed. Voluptatem cupiditate repellendus sed nemo delectus. Et odio alias soluta voluptatibus. Laborum distinctio dolorum repellat dolor.', 3, 26, '2018-01-28 00:14:18', '2018-01-28 00:14:18'),
(283, 'quia', 'Labore sint aperiam dignissimos. Quo impedit incidunt natus. Dolor cum sunt dolorem occaecati aut dolor. Autem quam voluptatem amet aut nisi.', 5, 34, '2018-01-28 00:14:18', '2018-01-28 00:14:18'),
(284, 'quidem', 'In dolore corporis totam voluptatem accusamus. Excepturi laborum et nam temporibus consequatur. Repellat in quasi dolore voluptas recusandae et doloremque.', 5, 42, '2018-01-28 00:14:18', '2018-01-28 00:14:18'),
(285, 'aut', 'Deleniti praesentium harum illo vero quia iste. Delectus tempore rerum quasi. Quasi corrupti animi non modi maxime hic autem.', 0, 22, '2018-01-28 00:14:18', '2018-01-28 00:14:18'),
(286, 'eum', 'Vitae atque reiciendis fugiat. Ullam necessitatibus beatae eum eum amet. Labore explicabo et sint quod.', 1, 21, '2018-01-28 00:14:18', '2018-01-28 00:14:18'),
(287, 'dolorum', 'Officia provident libero veniam quis incidunt nisi. Sunt ex numquam accusamus libero quasi dolor. Voluptatem sunt vel quo dicta. Autem mollitia in quae nihil explicabo veniam.', 5, 31, '2018-01-28 00:14:18', '2018-01-28 00:14:18'),
(288, 'in', 'Officia iure optio quisquam. Tempora magni in optio eaque itaque quis et. Quasi numquam sit ea in asperiores. Fuga officia mollitia voluptatem ea odit nihil.', 5, 49, '2018-01-28 00:14:18', '2018-01-28 00:14:18'),
(289, 'molestiae', 'Rerum molestias laboriosam sint dolores autem reiciendis totam quod. Qui cupiditate facilis at vel tempora dolorum quia. Accusamus qui non est dolore quasi libero consequuntur dignissimos.', 0, 47, '2018-01-28 00:14:18', '2018-01-28 00:14:18'),
(290, 'dolores', 'In fugit quisquam ut ut et deleniti. Sunt at deleniti eaque atque iusto voluptate pariatur. Voluptates libero dolorem quisquam at et ipsam. Ut aut qui sit.', 5, 46, '2018-01-28 00:14:18', '2018-01-28 00:14:18'),
(291, 'quia', 'Ea animi doloribus soluta ea cupiditate. Voluptatem dolores ad rerum similique id. Voluptate aliquid totam veniam quam et. Quas atque est sed quis libero autem delectus fugiat.', 1, 44, '2018-01-28 00:14:18', '2018-01-28 00:14:18'),
(292, 'recusandae', 'Illo et deserunt quasi ut aspernatur sunt. Velit expedita autem repellendus architecto deleniti beatae.', 3, 6, '2018-01-28 00:14:18', '2018-01-28 00:14:18'),
(293, 'rerum', 'Voluptatem repellendus quibusdam quam neque. Quis consequuntur cupiditate est adipisci cupiditate sit architecto. Sed ipsum tenetur animi consequatur expedita inventore ea recusandae. Exercitationem in ut perspiciatis et numquam possimus.', 4, 20, '2018-01-28 00:14:18', '2018-01-28 00:14:18'),
(294, 'ab', 'Et sed natus doloremque harum earum unde omnis qui. Odio at et voluptatem. Odit nihil molestiae occaecati sint. Ut consequatur itaque sint aliquid.', 2, 25, '2018-01-28 00:14:18', '2018-01-28 00:14:18'),
(295, 'unde', 'In culpa quae recusandae quia optio. Et quos quis qui illum. Ut architecto labore sit assumenda iusto ratione.', 2, 17, '2018-01-28 00:14:18', '2018-01-28 00:14:18'),
(296, 'perferendis', 'Laudantium est quia perspiciatis expedita quae aspernatur. Voluptas nobis eius accusamus sint. Distinctio id consequatur adipisci est nisi temporibus accusamus. Ut aliquam eaque quibusdam aspernatur deleniti quo.', 4, 7, '2018-01-28 00:14:18', '2018-01-28 00:14:18'),
(297, 'ea', 'Voluptas quaerat sint fugit voluptate. Odit numquam cupiditate sint amet. Nihil inventore est maxime id. Cum ad maiores occaecati dolores labore quibusdam. Iure eos quaerat cumque fugiat reiciendis.', 0, 5, '2018-01-28 00:14:19', '2018-01-28 00:14:19'),
(298, 'ab', 'Id reprehenderit et rerum labore et. Rem dolore magni consequatur.', 2, 16, '2018-01-28 00:14:19', '2018-01-28 00:14:19'),
(299, 'cumque', 'Sunt et et ut rem sed corporis est nihil. Perferendis impedit distinctio ipsam qui debitis aliquid ut illum. Necessitatibus ipsa sed dignissimos nihil occaecati maiores repellat. Amet voluptatem in et qui et quidem.', 0, 12, '2018-01-28 00:14:19', '2018-01-28 00:14:19'),
(300, 'rerum', 'Temporibus quis est qui dolor officiis consequatur dignissimos. Maiores sit expedita non maxime dolores. Nam omnis est voluptas sit quia dolores explicabo.', 2, 26, '2018-01-28 00:14:19', '2018-01-28 00:14:19'),
(301, 'non', 'Nisi aut cumque quia rerum iste. Quidem quos qui quo tenetur temporibus voluptas quo. Culpa recusandae accusantium natus. Qui consequatur ut vel iusto expedita accusamus.', 5, 27, '2018-01-28 00:29:48', '2018-01-28 00:29:48'),
(302, 'et', 'Excepturi aut aliquid ut. Et soluta quod ut ut nulla quas quibusdam. Inventore qui expedita et consequuntur consequatur inventore aperiam. Nisi quisquam tempore aliquid voluptatem nemo.', 1, 1, '2018-01-28 00:29:48', '2018-01-28 00:29:48'),
(303, 'magnam', 'Et minima qui ratione aperiam magnam soluta autem. Qui officia a odio perspiciatis. Dolorem tenetur omnis asperiores quidem.', 0, 33, '2018-01-28 00:29:48', '2018-01-28 00:29:48'),
(304, 'totam', 'Alias odit iusto inventore. Quia aliquid ut ipsum cum eligendi reiciendis est. Placeat corrupti quidem ratione culpa quaerat numquam.', 0, 91, '2018-01-28 00:29:48', '2018-01-28 00:29:48'),
(305, 'praesentium', 'Repellat et incidunt doloribus. Iste commodi tempora perspiciatis dolores. Quia omnis rerum illo a ullam voluptas. Nisi officiis consequatur accusantium ut.', 0, 30, '2018-01-28 00:29:48', '2018-01-28 00:29:48'),
(306, 'possimus', 'Quia libero provident ipsam quas et dolore. Eos molestiae est rem harum aut nihil. Et minus eos unde cum quidem. Voluptas omnis rem exercitationem iste est.', 4, 35, '2018-01-28 00:29:48', '2018-01-28 00:29:48'),
(307, 'a', 'Accusamus et et non molestias libero commodi perspiciatis nesciunt. Explicabo consequatur inventore et aut eos quisquam. Provident eum est at cumque autem.', 2, 45, '2018-01-28 00:29:48', '2018-01-28 00:29:48'),
(308, 'id', 'Et velit velit odio recusandae veniam maiores enim. Et voluptas atque laboriosam. Aliquam voluptate ea ea dolorem consequatur. Cupiditate deserunt ut quibusdam quia velit.', 1, 57, '2018-01-28 00:29:48', '2018-01-28 00:29:48'),
(309, 'voluptas', 'Rerum quis laudantium voluptas et. Cum error temporibus enim odio. Laboriosam quidem facilis qui deleniti cum laboriosam autem blanditiis. Est amet culpa ab harum.', 1, 6, '2018-01-28 00:29:48', '2018-01-28 00:29:48'),
(310, 'et', 'Ab tempore qui neque. Voluptas quis minus minima delectus quam commodi. Autem et est ut nobis. Earum quas fugiat soluta.', 1, 32, '2018-01-28 00:29:49', '2018-01-28 00:29:49'),
(311, 'odio', 'Quae eligendi velit iusto ut veniam. Sit quidem sit dolor aut eligendi.', 3, 7, '2018-01-28 00:29:49', '2018-01-28 00:29:49'),
(312, 'animi', 'Ratione asperiores qui enim non sed id distinctio. Repellat sapiente aut omnis beatae sit eaque. Placeat quis consequatur repudiandae omnis iure.', 2, 88, '2018-01-28 00:29:49', '2018-01-28 00:29:49'),
(313, 'ea', 'Nesciunt quidem cumque fugit asperiores dolores. Quasi eum eveniet inventore rerum veniam quae consequatur voluptatum. Eius sed aut magnam quibusdam. Voluptatem dolores nisi rerum quibusdam fugit aut fugiat modi.', 1, 71, '2018-01-28 00:29:49', '2018-01-28 00:29:49'),
(314, 'deserunt', 'Blanditiis sapiente debitis at in numquam officia veniam. Ipsa laboriosam itaque ducimus qui autem id molestias rerum. Quia provident consequuntur consequatur illum quos dicta. Dolor non dolorem laudantium illo. Commodi autem voluptatem quia.', 2, 88, '2018-01-28 00:29:49', '2018-01-28 00:29:49'),
(315, 'molestiae', 'Est et dolores corporis aliquid eaque quis vel sint. Perferendis sit consequuntur in nobis quo. Cupiditate ex ut adipisci magnam voluptas. Consequatur qui quisquam quos vel ea. Aliquam sed architecto illum est tempore.', 2, 44, '2018-01-28 00:29:49', '2018-01-28 00:29:49'),
(316, 'repudiandae', 'Architecto fuga facere sunt sed enim ipsa ab corrupti. Officiis optio ipsa quo commodi deleniti at dolor laboriosam. Quia dolore sit libero eius et natus. Molestias excepturi maiores in dolorem et rem earum.', 1, 31, '2018-01-28 00:29:49', '2018-01-28 00:29:49'),
(317, 'laborum', 'Esse facere consequuntur facere sit ex repudiandae. Dolores facilis eveniet voluptatem non sed explicabo. Vero ratione quibusdam delectus eum est.', 2, 18, '2018-01-28 00:29:49', '2018-01-28 00:29:49'),
(318, 'tempore', 'Quisquam et voluptatem enim architecto ut excepturi. Omnis voluptas et nesciunt sint velit architecto placeat. Omnis et velit sint et excepturi aliquam dolorum.', 1, 38, '2018-01-28 00:29:49', '2018-01-28 00:29:49'),
(319, 'rerum', 'Et placeat dolor ea officia velit officiis tenetur aut. Quo fugiat provident recusandae. Nihil error voluptatibus voluptate unde.', 3, 2, '2018-01-28 00:29:49', '2018-01-28 00:29:49'),
(320, 'qui', 'Vero deserunt ducimus quae sint neque sunt. Sed quasi qui corporis aliquid.', 5, 90, '2018-01-28 00:29:49', '2018-01-28 00:29:49'),
(321, 'ad', 'Aspernatur dolor quis error eum minima earum. Qui possimus quos in maxime ex aperiam quae qui. Voluptatum impedit doloribus eveniet dolores maiores officia non explicabo. Nobis ut deleniti repellendus reprehenderit.', 3, 53, '2018-01-28 00:29:49', '2018-01-28 00:29:49'),
(322, 'laboriosam', 'Repellat sit enim sint rerum. Neque officia quia aspernatur voluptas. Reprehenderit praesentium quas exercitationem voluptates ut. Veniam sequi sit pariatur aspernatur magni non occaecati.', 2, 74, '2018-01-28 00:29:49', '2018-01-28 00:29:49'),
(323, 'at', 'Iste natus deserunt qui placeat et ipsum dolorum. Harum ab unde debitis enim labore aut animi. Corrupti similique consectetur facere delectus dolore.', 3, 15, '2018-01-28 00:29:49', '2018-01-28 00:29:49'),
(324, 'veritatis', 'In illo eum qui architecto. Libero recusandae sint dolorem qui ex. Enim rerum vel animi itaque qui sed voluptate. Deserunt expedita culpa ut.', 5, 12, '2018-01-28 00:29:49', '2018-01-28 00:29:49'),
(325, 'voluptate', 'Debitis et esse nostrum delectus. Veritatis laboriosam aperiam dolorem consequatur.', 5, 32, '2018-01-28 00:29:49', '2018-01-28 00:29:49'),
(326, 'et', 'Aperiam consequatur beatae harum at consectetur corporis. Ea saepe non ipsam repudiandae maiores maiores. Ut omnis cum unde est id aliquam facilis aperiam.', 2, 26, '2018-01-28 00:29:50', '2018-01-28 00:29:50'),
(327, 'fugiat', 'Eum quos magni suscipit sunt nobis asperiores quia in. Nobis at aut corporis accusamus rem. Mollitia natus tempora architecto dolor repellat.', 2, 42, '2018-01-28 00:29:50', '2018-01-28 00:29:50'),
(328, 'voluptatibus', 'Deleniti aperiam molestias consequatur qui autem vel odit tempore. Dolore cumque aliquam voluptatem laudantium quibusdam. Corporis veritatis quis numquam sunt. Est qui quam ab suscipit consectetur quidem totam. Suscipit inventore non voluptas corporis quia nobis.', 2, 57, '2018-01-28 00:29:50', '2018-01-28 00:29:50'),
(329, 'voluptatem', 'Cum qui incidunt eos. Est excepturi ipsa corporis natus. Id in est quae eius molestiae quibusdam id unde.', 0, 78, '2018-01-28 00:29:50', '2018-01-28 00:29:50'),
(330, 'vero', 'Illum et fugit quia magni quidem. Provident voluptatem asperiores illo. Dolore velit aut perspiciatis reiciendis. Hic sapiente minima quas culpa est nemo et.', 4, 40, '2018-01-28 00:29:50', '2018-01-28 00:29:50'),
(331, 'consequatur', 'Libero modi est in ut voluptatem. Sunt eaque natus placeat est dolor. Odit adipisci autem inventore possimus veritatis.', 2, 50, '2018-01-28 00:29:50', '2018-01-28 00:29:50'),
(332, 'hic', 'Culpa aut ut perspiciatis delectus vel sint. Est aspernatur numquam qui consequatur quod est officiis. Quis aut et unde sed assumenda in excepturi. Reprehenderit sunt error asperiores assumenda eos nam. Quas ratione possimus quibusdam nobis consequatur.', 4, 26, '2018-01-28 00:29:50', '2018-01-28 00:29:50'),
(333, 'nihil', 'Ullam dolorem consequatur odio quia harum nisi. Iure libero maxime ut optio quis totam nihil. Explicabo aliquid ipsam ut quis est.', 2, 87, '2018-01-28 00:29:50', '2018-01-28 00:29:50'),
(334, 'laudantium', 'Animi molestiae ut id inventore pariatur. Provident molestiae fugit eum architecto dicta. Similique qui eveniet omnis officiis. Minus iure iure molestias iusto molestiae unde.', 0, 99, '2018-01-28 00:29:50', '2018-01-28 00:29:50'),
(335, 'veritatis', 'Aut consequatur quidem iusto et sunt exercitationem nulla. Modi quia voluptates maiores et accusamus. Neque dolor optio magni eum sit.', 3, 20, '2018-01-28 00:29:50', '2018-01-28 00:29:50'),
(336, 'voluptatem', 'Illum ipsum consequatur incidunt non maxime aut. Eius nulla distinctio et impedit dignissimos ullam beatae. Sit eos magnam perspiciatis officiis est voluptates esse.', 4, 14, '2018-01-28 00:29:50', '2018-01-28 00:29:50'),
(337, 'consequatur', 'Officia voluptatibus mollitia sint consequatur doloremque est rem velit. Repudiandae libero consequatur deleniti ab. Quod corporis hic consequuntur doloribus repellat dolore et culpa.', 0, 37, '2018-01-28 00:29:50', '2018-01-28 00:29:50'),
(338, 'fugit', 'Pariatur non sint eveniet ut alias et. Iure maiores tenetur rerum fugiat at. Corporis qui culpa laudantium repudiandae tempore sint adipisci distinctio.', 4, 56, '2018-01-28 00:29:50', '2018-01-28 00:29:50'),
(339, 'voluptatibus', 'Est dicta dignissimos unde impedit. Dolor doloremque deleniti nihil aut ab maiores quo illum. Voluptatibus sint numquam nam quo.', 1, 79, '2018-01-28 00:29:50', '2018-01-28 00:29:50'),
(340, 'dolor', 'Enim qui doloremque minima tempore. Ut cum voluptatem illum magnam voluptates est non dolorem. Quas sit non nobis unde commodi. Expedita voluptas rerum quia amet facilis distinctio sed. Voluptas odio ipsa sit repellendus.', 4, 5, '2018-01-28 00:29:50', '2018-01-28 00:29:50'),
(341, 'molestiae', 'Aut et nostrum eum repellat est assumenda sint. Eaque qui et dolores illum consequuntur quos sed. Necessitatibus quo et aperiam fugit quos ut rerum. Est quas labore veritatis in voluptate sit quia quos.', 5, 48, '2018-01-28 00:29:50', '2018-01-28 00:29:50'),
(342, 'natus', 'Consectetur autem quam explicabo ratione autem. Mollitia repellat quidem aut quae placeat animi quis aut. Officia nihil et omnis optio cupiditate. Blanditiis fugiat est cupiditate qui voluptas necessitatibus non.', 4, 73, '2018-01-28 00:29:51', '2018-01-28 00:29:51'),
(343, 'quaerat', 'Aut et dolorem dolorem. Qui minima et nesciunt inventore doloribus. Totam ipsam rerum et.', 2, 11, '2018-01-28 00:29:51', '2018-01-28 00:29:51'),
(344, 'autem', 'Soluta similique veritatis quia eaque. Sed consequuntur a libero sed. Minus odio consequatur aut.', 5, 3, '2018-01-28 00:29:51', '2018-01-28 00:29:51'),
(345, 'ipsum', 'Voluptatum explicabo recusandae ut veritatis animi nulla quia. Aut esse ut corrupti. Quia fugiat odio nihil.', 1, 64, '2018-01-28 00:29:51', '2018-01-28 00:29:51'),
(346, 'minus', 'Eveniet reprehenderit repellendus reprehenderit consequatur aut. Ea ullam atque numquam. Quae et assumenda doloremque beatae similique magni.', 3, 45, '2018-01-28 00:29:51', '2018-01-28 00:29:51'),
(347, 'laboriosam', 'Excepturi possimus vel quisquam tenetur modi incidunt odio fugiat. Et harum inventore alias laudantium est dolor. Deleniti unde quia delectus nisi. In ipsa optio inventore necessitatibus ab.', 5, 46, '2018-01-28 00:29:51', '2018-01-28 00:29:51'),
(348, 'atque', 'Sapiente aspernatur rerum et ab totam libero. Facilis rerum soluta ab velit aut numquam. Eius adipisci corporis id et. Illum nisi excepturi ut molestiae recusandae expedita. Ducimus ut fuga aut totam.', 4, 50, '2018-01-28 00:29:51', '2018-01-28 00:29:51'),
(349, 'laboriosam', 'Enim atque minus rerum laborum aspernatur necessitatibus est. Minus dicta quis consectetur quidem sit et harum. Commodi eos voluptatem rerum iure sit.', 0, 45, '2018-01-28 00:29:51', '2018-01-28 00:29:51'),
(350, 'quasi', 'Doloremque qui sint velit culpa minima qui. Magnam amet suscipit corrupti consequatur natus. Maxime nisi sunt inventore voluptate dolor qui.', 0, 15, '2018-01-28 00:29:51', '2018-01-28 00:29:51'),
(351, 'omnis', 'Voluptatem tempore voluptatem deleniti id quod. Rerum voluptas odit quas autem non eum ducimus quasi. Consequatur velit quidem porro.', 0, 77, '2018-01-28 00:29:51', '2018-01-28 00:29:51'),
(352, 'animi', 'Nam aspernatur rerum eos est. Ipsam aspernatur reiciendis laboriosam a et. Sed rerum aut consequatur dicta esse nihil. Odio et a distinctio sint odio itaque aperiam.', 2, 44, '2018-01-28 00:29:51', '2018-01-28 00:29:51'),
(353, 'et', 'Repellat ut soluta nulla occaecati optio. Laborum ut animi aut perspiciatis minima vel. Ratione perferendis facere sit est quam et. Voluptatem et quibusdam iste quisquam sed necessitatibus illum. Dignissimos optio quae neque itaque quasi.', 2, 87, '2018-01-28 00:29:51', '2018-01-28 00:29:51'),
(354, 'dolore', 'Qui qui quia distinctio officia sint omnis. Earum qui autem unde dolorum quasi. Accusamus dignissimos nulla labore illo culpa. Iusto laboriosam totam aut et voluptas.', 1, 94, '2018-01-28 00:29:51', '2018-01-28 00:29:51'),
(355, 'qui', 'Qui et officiis officiis. Voluptatem quia hic excepturi cupiditate ipsa quasi sunt.', 2, 38, '2018-01-28 00:29:51', '2018-01-28 00:29:51'),
(356, 'perferendis', 'Et corrupti distinctio dolor sint. Eos eaque minus animi labore minima soluta. Quaerat sit et doloribus quia sint ab quasi. Accusamus harum molestias eos totam nemo dignissimos.', 0, 82, '2018-01-28 00:29:51', '2018-01-28 00:29:51'),
(357, 'beatae', 'Rerum et quidem enim aspernatur velit. Doloremque qui cumque ipsa officiis. Consequatur autem ut est rerum dolores aperiam vero hic.', 4, 18, '2018-01-28 00:29:51', '2018-01-28 00:29:51'),
(358, 'ad', 'Vel quos vitae est explicabo omnis omnis vel. Eum non dolorem quibusdam. Recusandae vel autem iusto expedita sint ab. Ipsam dignissimos minima et minus assumenda dolorem.', 0, 7, '2018-01-28 00:29:52', '2018-01-28 00:29:52'),
(359, 'dolores', 'Corrupti iusto nam veniam blanditiis voluptatem facere quis nulla. Repudiandae explicabo cumque quibusdam ut. Dolores distinctio impedit dolores ut atque incidunt.', 5, 51, '2018-01-28 00:29:52', '2018-01-28 00:29:52'),
(360, 'distinctio', 'Et sed sequi incidunt aliquid eum. Fuga ut aspernatur sint. Harum similique ut quas consequatur veniam voluptatibus explicabo.', 4, 82, '2018-01-28 00:29:52', '2018-01-28 00:29:52'),
(361, 'blanditiis', 'Accusantium qui ipsa culpa praesentium distinctio. Eos ratione et sit ullam vero omnis. Sunt in non eaque et. Dolor et et fugiat accusantium id necessitatibus dolorem.', 4, 43, '2018-01-28 00:29:52', '2018-01-28 00:29:52'),
(362, 'ratione', 'Molestiae dolor et sint porro iure mollitia. Beatae error aliquid porro veniam et fugit. Temporibus nostrum velit et nihil voluptatem.', 5, 29, '2018-01-28 00:29:52', '2018-01-28 00:29:52'),
(363, 'amet', 'Magnam veritatis libero est ut ipsum. Dolor voluptates ea nam qui aliquam dolor velit eius. Necessitatibus eum eum expedita adipisci aspernatur non.', 5, 39, '2018-01-28 00:29:52', '2018-01-28 00:29:52'),
(364, 'iusto', 'Et corporis autem minima id dolor aspernatur. Assumenda in recusandae facilis voluptatem. Cupiditate voluptas sint ut aperiam.', 4, 49, '2018-01-28 00:29:52', '2018-01-28 00:29:52'),
(365, 'iure', 'Adipisci impedit dolor quidem consequatur et doloremque. Exercitationem nemo vel qui. Quis quidem id dolorem optio sunt aperiam aliquid. Vel veniam sed aut quos facilis.', 3, 9, '2018-01-28 00:29:52', '2018-01-28 00:29:52'),
(366, 'quia', 'Quo quia nostrum distinctio doloribus ea. Soluta deserunt voluptatem ut quis nemo. Quae delectus totam eligendi culpa voluptatum delectus.', 3, 20, '2018-01-28 00:29:52', '2018-01-28 00:29:52'),
(367, 'dolor', 'Atque tempore est nihil ea. Aperiam aut veniam libero ipsum reiciendis. Cum voluptas nesciunt sequi. Consectetur aut et est sunt et sed ea est.', 2, 11, '2018-01-28 00:29:52', '2018-01-28 00:29:52'),
(368, 'doloribus', 'Voluptatem pariatur sint quisquam alias occaecati architecto doloribus. Facilis et similique dolores enim eos sapiente. Quis asperiores sequi commodi. Possimus ut praesentium provident aperiam veniam vitae dolorem quasi.', 3, 54, '2018-01-28 00:29:52', '2018-01-28 00:29:52'),
(369, 'non', 'Ullam voluptatum officiis impedit veniam animi. Deleniti maiores in molestias qui. Aliquid illo delectus fugiat sit facilis. Doloremque non amet sint suscipit.', 3, 12, '2018-01-28 00:29:52', '2018-01-28 00:29:52'),
(370, 'incidunt', 'Sit vel tempora itaque. Provident sit aut excepturi qui perspiciatis. Qui reiciendis dolor nam est eos laboriosam quo. Rerum amet eligendi eius.', 2, 48, '2018-01-28 00:29:52', '2018-01-28 00:29:52'),
(371, 'laudantium', 'Corrupti dolores eum assumenda enim quae. Qui dignissimos qui neque odit ex. Est occaecati ipsa at doloremque aliquid. A debitis ipsum rem blanditiis est occaecati optio.', 2, 87, '2018-01-28 00:29:52', '2018-01-28 00:29:52'),
(372, 'quis', 'Ipsum impedit similique minus recusandae. Iusto officia praesentium ullam voluptate incidunt a. Consequatur molestiae dicta reprehenderit est.', 5, 83, '2018-01-28 00:29:52', '2018-01-28 00:29:52'),
(373, 'non', 'Expedita tempore eius qui. Quis fuga sint aspernatur et. Dolores exercitationem nihil eum blanditiis provident.', 2, 92, '2018-01-28 00:29:52', '2018-01-28 00:29:52'),
(374, 'est', 'Iusto doloremque molestiae aperiam officiis. Corporis vel quo sed et nesciunt cum minus. Et doloremque quidem atque non rerum neque. Ducimus expedita est explicabo et et maxime odit.', 5, 69, '2018-01-28 00:29:52', '2018-01-28 00:29:52'),
(375, 'dolor', 'Est in fugit sit laborum facere fuga. Veritatis perspiciatis sunt qui velit quos. Unde modi est odio voluptatem aut fugit enim. Beatae nemo corrupti ut sit corporis ea in. Est natus repudiandae accusamus laudantium non rerum corrupti.', 3, 15, '2018-01-28 00:29:52', '2018-01-28 00:29:52'),
(376, 'quas', 'Provident accusamus iure eveniet iure fuga. Tenetur distinctio repellendus molestiae doloremque velit exercitationem. Et commodi est voluptatibus consequuntur pariatur amet. Veniam facere fuga doloribus velit distinctio qui et qui.', 5, 15, '2018-01-28 00:29:53', '2018-01-28 00:29:53'),
(377, 'incidunt', 'Eaque consectetur quia cumque qui quos alias. Qui vitae recusandae totam est dolor velit cupiditate. Dolores aut laboriosam nulla consectetur.', 5, 16, '2018-01-28 00:29:53', '2018-01-28 00:29:53'),
(378, 'maiores', 'Ab aliquam dolor delectus id repellat et. Enim temporibus amet aliquid adipisci quae quia. Amet est est impedit sequi.', 4, 29, '2018-01-28 00:29:53', '2018-01-28 00:29:53'),
(379, 'corporis', 'Et saepe minima accusamus et quis ex ducimus. Maxime facere expedita minus quia numquam rerum non. Sunt ad sapiente velit tempore. Iste et ut qui aut iusto ut vel.', 3, 40, '2018-01-28 00:29:53', '2018-01-28 00:29:53'),
(380, 'et', 'Accusantium temporibus delectus quos ut molestiae rerum. Ullam illo velit tenetur et. Officia repellendus eaque blanditiis earum. Enim libero optio quia molestias rem.', 5, 89, '2018-01-28 00:29:53', '2018-01-28 00:29:53'),
(381, 'blanditiis', 'Et aut dolorem corrupti et omnis a. Eius dolor consequatur quisquam alias ratione dolorem. Rerum aliquid voluptatem quibusdam culpa quisquam.', 2, 85, '2018-01-28 00:29:53', '2018-01-28 00:29:53'),
(382, 'a', 'Aut non aliquam magnam quae. Debitis officia in nesciunt delectus rem et. Atque velit iure itaque illo. Consectetur est nihil animi quibusdam repellendus expedita.', 2, 56, '2018-01-28 00:29:53', '2018-01-28 00:29:53'),
(383, 'iste', 'Quos doloribus odit est et veritatis. Nam quo molestiae reprehenderit doloremque dignissimos nobis. Earum autem in commodi eos velit aspernatur. Explicabo eum consequatur quisquam rerum cupiditate laboriosam inventore.', 0, 88, '2018-01-28 00:29:53', '2018-01-28 00:29:53'),
(384, 'dolorem', 'Dignissimos voluptatum velit sed ducimus deserunt ab. Voluptates sint soluta est nesciunt omnis sapiente voluptatem.', 1, 86, '2018-01-28 00:29:53', '2018-01-28 00:29:53'),
(385, 'cupiditate', 'Quas accusamus unde explicabo est facere. Quae non tenetur ut aliquam sit architecto fuga est. Et omnis iure qui sit. Possimus sunt enim consectetur. Recusandae aut numquam culpa dolore autem cum aperiam delectus.', 4, 68, '2018-01-28 00:29:53', '2018-01-28 00:29:53'),
(386, 'dignissimos', 'Autem voluptatem quia deserunt dolor iusto. Quia et vero nam vitae. Optio nam dolores quis aut. Id sint aut ut distinctio magni aut. Quia praesentium voluptas sit voluptatibus omnis.', 2, 2, '2018-01-28 00:29:53', '2018-01-28 00:29:53'),
(387, 'id', 'Nostrum dolorum aut dolorum cumque vitae non et. Rerum officia optio iste iste nulla.', 3, 70, '2018-01-28 00:29:53', '2018-01-28 00:29:53'),
(388, 'iste', 'Id praesentium fugit quidem quia enim. Et deleniti voluptatem tempora soluta. Voluptatum quidem ex quibusdam exercitationem facilis et enim voluptates.', 5, 87, '2018-01-28 00:29:53', '2018-01-28 00:29:53'),
(389, 'facere', 'Ut architecto harum similique omnis. Non possimus odio recusandae officia qui magni facilis. Aspernatur ducimus qui id et ipsa quia sunt dolores.', 3, 99, '2018-01-28 00:29:53', '2018-01-28 00:29:53'),
(390, 'iusto', 'Sequi facere est sunt itaque laboriosam doloremque quam. Autem occaecati beatae tempore temporibus quos delectus dolorem.', 4, 25, '2018-01-28 00:29:53', '2018-01-28 00:29:53'),
(391, 'unde', 'Occaecati est illum pariatur explicabo voluptatibus. Impedit ullam rerum id corporis ipsam. Est tempore voluptas delectus veritatis. Placeat eum placeat nihil cum et a et.', 5, 40, '2018-01-28 00:29:53', '2018-01-28 00:29:53'),
(392, 'dolorum', 'Quo in nobis accusamus qui eum voluptatem natus atque. Et similique neque illum quisquam dolorem enim autem. Odio libero et soluta debitis. Quis rem dolor et voluptatibus sapiente.', 0, 55, '2018-01-28 00:29:53', '2018-01-28 00:29:53'),
(393, 'labore', 'Mollitia corrupti placeat rerum ducimus minima. At id enim nostrum a ad dolores et.', 4, 68, '2018-01-28 00:29:53', '2018-01-28 00:29:53'),
(394, 'sint', 'Assumenda officia nemo nihil cum dicta delectus. Voluptatem doloribus distinctio itaque voluptatem odit porro et. Repellendus debitis dicta quaerat amet praesentium. Est aut et deserunt sit eius.', 1, 44, '2018-01-28 00:29:54', '2018-01-28 00:29:54'),
(395, 'tempore', 'Quia a neque maiores deleniti quia. Dolores laboriosam magni a illum. Est sunt dolor iste reiciendis non animi sint dolorem. Omnis tempore hic dolores commodi.', 4, 24, '2018-01-28 00:29:54', '2018-01-28 00:29:54'),
(396, 'aperiam', 'Sit voluptatem aut dolores vel quia consequatur. Tempore ab voluptatem provident iste. Magni deleniti facere recusandae assumenda maiores rem.', 2, 68, '2018-01-28 00:29:54', '2018-01-28 00:29:54'),
(397, 'itaque', 'Et eum animi et corporis quibusdam. Aspernatur ex dicta qui qui vitae. Doloremque dolorem ducimus assumenda. Earum repudiandae labore doloremque omnis quas deserunt aut et.', 1, 26, '2018-01-28 00:29:54', '2018-01-28 00:29:54'),
(398, 'voluptatem', 'Reprehenderit unde eligendi illo et. Inventore omnis nostrum natus repudiandae accusamus nam. Doloribus doloremque consequuntur nemo perspiciatis.', 2, 78, '2018-01-28 00:29:54', '2018-01-28 00:29:54'),
(399, 'excepturi', 'Molestiae molestias rerum harum nisi sint aut. Minus qui possimus ut id sint reiciendis est. Doloremque aliquam vitae cum est voluptates omnis quibusdam. Corrupti minima voluptatem blanditiis.', 4, 36, '2018-01-28 00:29:54', '2018-01-28 00:29:54'),
(400, 'autem', 'Non quis deleniti et error. Sed et dolor molestiae quis illum placeat.', 0, 100, '2018-01-28 00:29:54', '2018-01-28 00:29:54'),
(401, 'cupiditate', 'Ipsa hic deserunt voluptatem laudantium non dolorem et sed. Ut nesciunt accusamus enim eaque. Placeat consequuntur nihil recusandae est sit voluptatem.', 5, 78, '2018-01-28 00:29:54', '2018-01-28 00:29:54'),
(402, 'omnis', 'Sed quia vel exercitationem et quam dolorum voluptatem. Dolore non nam animi. Aliquam dolorem exercitationem quia nisi delectus.', 1, 49, '2018-01-28 00:29:54', '2018-01-28 00:29:54'),
(403, 'occaecati', 'Delectus qui perferendis voluptas voluptatem reprehenderit iste rerum et. Id aut ut perspiciatis magni voluptatem. Voluptas aut hic consectetur mollitia aut ducimus. Unde eos nulla quia rem odio.', 4, 79, '2018-01-28 00:29:54', '2018-01-28 00:29:54'),
(404, 'quod', 'Labore neque eos et et adipisci minus. Et voluptates qui ratione vitae quo provident rerum voluptatem. Perferendis et sed adipisci voluptas maiores voluptates similique facilis.', 5, 96, '2018-01-28 00:29:54', '2018-01-28 00:29:54'),
(405, 'facilis', 'Impedit et voluptas accusamus quae repellat aut quia. Enim eum molestiae qui illum optio voluptas velit consequatur.', 5, 26, '2018-01-28 00:29:54', '2018-01-28 00:29:54'),
(406, 'illo', 'Ipsam exercitationem omnis minima vel aut quia quidem. Et facilis soluta corporis minus. Consequatur ab dolor assumenda tempora.', 1, 26, '2018-01-28 00:29:54', '2018-01-28 00:29:54'),
(407, 'molestiae', 'Quas officiis culpa inventore unde nulla quo voluptas. Iure et beatae ad. In eveniet nesciunt quo qui non quasi est.', 3, 53, '2018-01-28 00:29:54', '2018-01-28 00:29:54'),
(408, 'exercitationem', 'Et deleniti similique quaerat. Voluptates incidunt cum voluptatem mollitia est assumenda hic. Facere earum quisquam sit commodi quia.', 4, 26, '2018-01-28 00:29:54', '2018-01-28 00:29:54'),
(409, 'et', 'Pariatur laborum distinctio hic expedita autem. Ullam veritatis et eaque. Tenetur atque deleniti amet quidem.', 3, 20, '2018-01-28 00:29:54', '2018-01-28 00:29:54'),
(410, 'asperiores', 'Dolorum quidem et qui enim libero et natus. Vero commodi quas deserunt ut labore. Eveniet velit tempora rerum et vitae ipsa et. Voluptatum sit quo delectus perspiciatis et voluptatem. Perspiciatis et ipsum rerum magni praesentium eaque.', 1, 39, '2018-01-28 00:29:54', '2018-01-28 00:29:54'),
(411, 'consequuntur', 'Sit corporis libero doloremque. Unde aut quia ad. Et voluptatem neque debitis aut. Omnis nam ab numquam autem voluptatibus non.', 0, 48, '2018-01-28 00:29:54', '2018-01-28 00:29:54'),
(412, 'modi', 'Ipsum qui atque unde qui ut inventore est. Corrupti doloremque earum dolor eum reiciendis id. Laboriosam quo et tempora reprehenderit sed beatae.', 2, 62, '2018-01-28 00:29:54', '2018-01-28 00:29:54'),
(413, 'voluptates', 'Ullam eos et aperiam quisquam ut temporibus voluptatem. At aut ducimus quae est amet repellendus in. At ut perferendis ut deleniti libero vel voluptatibus fugiat. Quae quis veritatis est necessitatibus qui. Officiis nihil debitis pariatur voluptatem.', 5, 70, '2018-01-28 00:29:55', '2018-01-28 00:29:55'),
(414, 'eius', 'Ad labore itaque reiciendis maiores nemo asperiores fuga porro. Omnis et magnam nisi dolor. Ut eos ut ipsa aut dolorem ab voluptatem. Laborum omnis inventore corporis recusandae dicta.', 5, 56, '2018-01-28 00:29:55', '2018-01-28 00:29:55'),
(415, 'natus', 'Ipsam quidem amet earum perspiciatis voluptate aut perferendis. Numquam sit magni quo in minus. Quia eos id quo delectus unde exercitationem cum quis. Rerum sed ad error.', 5, 79, '2018-01-28 00:29:55', '2018-01-28 00:29:55'),
(416, 'eaque', 'Eius consectetur soluta ut qui quis ut. Ipsa sint nesciunt libero aut nobis perferendis rerum. Officiis officia impedit suscipit sapiente sint laborum.', 1, 65, '2018-01-28 00:29:55', '2018-01-28 00:29:55'),
(417, 'sunt', 'Sunt dolore explicabo excepturi et voluptatum. Aut et sunt totam. Repudiandae molestiae doloremque doloremque laudantium ex voluptas. Voluptatum et quis voluptate explicabo fugit. Rem iusto quasi omnis qui hic rerum.', 4, 33, '2018-01-28 00:29:55', '2018-01-28 00:29:55'),
(418, 'et', 'Itaque veritatis ipsam voluptatem porro doloribus. Est sequi eos quia quod. Qui dolorem voluptatum hic pariatur iste eos qui.', 2, 47, '2018-01-28 00:29:55', '2018-01-28 00:29:55'),
(419, 'voluptatem', 'Sunt ducimus sint veniam quis doloribus facilis. Nemo dolore odit aliquam voluptate omnis. Vel ut ab cumque ut quisquam.', 2, 90, '2018-01-28 00:29:55', '2018-01-28 00:29:55'),
(420, 'et', 'Iusto delectus quaerat magni suscipit fuga corrupti. Eaque facere consectetur voluptatum provident ea. Odit aperiam ullam ea aliquam voluptas.', 4, 36, '2018-01-28 00:29:55', '2018-01-28 00:29:55'),
(421, 'et', 'Quos necessitatibus enim enim totam sit. Quae quas amet dolor consectetur quis omnis itaque et. Et expedita quam quae. Fuga ut laudantium sint ratione sed pariatur.', 2, 12, '2018-01-28 00:29:55', '2018-01-28 00:29:55'),
(422, 'et', 'Voluptatem id eos placeat. Qui voluptatem cupiditate adipisci ipsa ad at. Cumque nostrum commodi illum est. Rerum et nam blanditiis officia rerum impedit. Praesentium id esse vero tenetur.', 2, 88, '2018-01-28 00:29:55', '2018-01-28 00:29:55'),
(423, 'unde', 'Ab iste distinctio et modi dignissimos non voluptas. Porro quidem ut libero doloribus reiciendis assumenda qui. Quis quia voluptas omnis illum.', 1, 24, '2018-01-28 00:29:55', '2018-01-28 00:29:55'),
(424, 'tempora', 'Quia unde est in natus sed voluptas consequuntur. Et esse repellendus earum similique et vel. Nihil hic odio velit aut vel earum ipsa. Odio consequatur inventore nisi libero et.', 5, 28, '2018-01-28 00:29:55', '2018-01-28 00:29:55'),
(425, 'hic', 'Et aspernatur blanditiis harum possimus velit non repellat. Ut dolorem sit quos velit quasi autem cumque aut. Cupiditate quas odio autem nemo quas reiciendis non. Est velit tempore tenetur ut est.', 5, 49, '2018-01-28 00:29:55', '2018-01-28 00:29:55'),
(426, 'fugiat', 'Eius voluptas nisi et et unde quidem sint. Earum vel animi et sed. Nihil qui nostrum quibusdam dolores voluptatem delectus quasi enim. Repellendus eveniet possimus et distinctio quasi.', 4, 5, '2018-01-28 00:29:55', '2018-01-28 00:29:55'),
(427, 'modi', 'Quis tenetur rerum labore exercitationem. Voluptas veritatis eligendi delectus iure aut harum. Vero deserunt incidunt a eligendi error id. Sed dolorem dicta sed et qui voluptatem fuga.', 3, 75, '2018-01-28 00:29:55', '2018-01-28 00:29:55'),
(428, 'impedit', 'In sunt fugiat est dolorem sint nihil. Cumque fugiat quas animi et. Tenetur numquam inventore omnis saepe quaerat sit. Quam in quis excepturi vel porro saepe laboriosam magni.', 5, 60, '2018-01-28 00:29:55', '2018-01-28 00:29:55'),
(429, 'nihil', 'Officia ut dicta laborum qui omnis repellendus qui nostrum. Sed ut dolores ex aut. Facere nam est ducimus modi.', 2, 65, '2018-01-28 00:29:55', '2018-01-28 00:29:55'),
(430, 'quas', 'Est non impedit natus aliquam quia voluptatem earum quam. Et occaecati est amet sit voluptas natus sequi. Dolor tempore iusto tenetur modi quia ut sit consequatur. Esse non aut voluptatem est.', 4, 34, '2018-01-28 00:29:55', '2018-01-28 00:29:55'),
(431, 'nihil', 'Et minus non assumenda doloremque. Rerum est neque quo totam ut. Dolor consectetur odio veritatis optio optio ut.', 4, 82, '2018-01-28 00:29:56', '2018-01-28 00:29:56'),
(432, 'est', 'Sunt voluptatem minus dolor non. Repellat voluptatibus provident deserunt voluptates. Et ad laudantium odit occaecati. Accusantium nam repellendus vel aliquam cupiditate quis.', 3, 49, '2018-01-28 00:29:56', '2018-01-28 00:29:56'),
(433, 'fuga', 'Hic aliquam alias voluptas deserunt. Ipsam quisquam quae ab culpa maiores. Consequatur corporis earum unde similique et facere velit. Exercitationem accusantium fugiat sunt et veritatis omnis repellendus.', 5, 10, '2018-01-28 00:29:56', '2018-01-28 00:29:56'),
(434, 'incidunt', 'Esse adipisci pariatur amet. At qui eveniet facere voluptatibus enim minima ex. Repellat ea cumque ad omnis.', 4, 6, '2018-01-28 00:29:56', '2018-01-28 00:29:56'),
(435, 'dolorum', 'Qui hic sequi nulla necessitatibus. Quasi placeat dolore qui laboriosam sit.', 5, 87, '2018-01-28 00:29:56', '2018-01-28 00:29:56'),
(436, 'sit', 'Quo quia nam est sed. Consequatur omnis itaque cumque nisi nihil. Reprehenderit praesentium ex sequi est.', 0, 13, '2018-01-28 00:29:56', '2018-01-28 00:29:56'),
(437, 'est', 'Vero ea ducimus quibusdam minus. Iure voluptas corrupti vel praesentium asperiores excepturi aut. Sunt tempore vel commodi quia neque dolorum quia.', 5, 98, '2018-01-28 00:29:56', '2018-01-28 00:29:56'),
(438, 'vitae', 'Modi officiis molestiae voluptatum optio. Provident iure est repellat enim. Recusandae omnis ut iure eligendi. Totam rerum et ut voluptatem eos repudiandae.', 3, 31, '2018-01-28 00:29:56', '2018-01-28 00:29:56');
INSERT INTO `reviews` (`id`, `customer`, `review`, `star`, `product_id`, `created_at`, `updated_at`) VALUES
(439, 'ex', 'Et dolor magnam qui nisi et. Totam neque est rerum assumenda enim corporis et similique. Id dolorem non accusamus possimus ab nesciunt. Voluptatum porro perferendis eveniet incidunt est nostrum. Quas et deleniti eligendi magni alias ipsum.', 2, 80, '2018-01-28 00:29:56', '2018-01-28 00:29:56'),
(440, 'cupiditate', 'Suscipit ea animi repellendus aperiam. Modi et similique doloremque voluptas eligendi officia laboriosam ducimus. Rem natus voluptatem quae facilis omnis voluptatem esse nulla.', 3, 19, '2018-01-28 00:29:56', '2018-01-28 00:29:56'),
(441, 'earum', 'Blanditiis atque id cumque dolor ducimus dolor. Non magni numquam facere. Qui nam minima ex cumque.', 5, 74, '2018-01-28 00:29:56', '2018-01-28 00:29:56'),
(442, 'voluptates', 'Enim vero sed eos aut corporis id fuga. Et mollitia consequatur quis. Nihil doloribus iusto quia tenetur.', 0, 98, '2018-01-28 00:29:56', '2018-01-28 00:29:56'),
(443, 'iste', 'Vitae voluptatem necessitatibus soluta. Non doloribus quia corporis ut. Enim et ab nesciunt voluptas. Aliquid nulla sequi culpa rerum nihil similique inventore.', 5, 25, '2018-01-28 00:29:56', '2018-01-28 00:29:56'),
(444, 'sed', 'Deserunt blanditiis beatae aperiam ipsum nostrum sit laudantium. Qui aut architecto fuga minus voluptate.', 3, 67, '2018-01-28 00:29:56', '2018-01-28 00:29:56'),
(445, 'placeat', 'Aspernatur sit quisquam ad. Ea rerum consectetur eos enim quia exercitationem. Enim quibusdam vel cupiditate voluptatum ut modi. Ut aperiam nihil nihil officia aut voluptas eos dolorum.', 3, 18, '2018-01-28 00:29:56', '2018-01-28 00:29:56'),
(446, 'expedita', 'Molestiae inventore dolorem qui rerum provident possimus. Eius laudantium omnis est ullam aspernatur. Consequuntur atque consequuntur ipsam qui voluptatem error minima. Voluptatem aut mollitia qui cumque dolores nobis nemo.', 4, 48, '2018-01-28 00:29:56', '2018-01-28 00:29:56'),
(447, 'est', 'Sit corporis non veritatis cum facilis. Nesciunt earum maxime qui incidunt. Provident odit dolorem rerum iure in. Quia facere est possimus non.', 2, 53, '2018-01-28 00:29:57', '2018-01-28 00:29:57'),
(448, 'quia', 'Quae veritatis placeat sapiente qui sit totam eligendi. Voluptatem sunt autem ut qui eos est. Est suscipit nam cum asperiores iusto. Soluta voluptas est ratione tempore possimus omnis.', 0, 19, '2018-01-28 00:29:57', '2018-01-28 00:29:57'),
(449, 'excepturi', 'Suscipit aut qui vero occaecati aut iusto. Sed quo iusto ipsam vel. Dicta repudiandae architecto culpa et. Deserunt id et dolore qui doloremque necessitatibus maxime.', 5, 6, '2018-01-28 00:29:57', '2018-01-28 00:29:57'),
(450, 'quo', 'Voluptates ut sed nihil qui necessitatibus quaerat eligendi. Quod neque voluptas ut. Sint dolorem impedit cupiditate corporis possimus rerum. Et ut tempora consequuntur sint voluptas pariatur delectus.', 3, 57, '2018-01-28 00:29:57', '2018-01-28 00:29:57'),
(451, 'voluptate', 'Totam asperiores perferendis tempore sint quis nihil. Qui consectetur eveniet iusto ullam. Eum qui consequatur ratione voluptatem qui. Quisquam cupiditate nihil exercitationem dolorem.', 5, 38, '2018-01-28 00:29:57', '2018-01-28 00:29:57'),
(452, 'provident', 'Consequuntur repudiandae et adipisci perspiciatis et a. Libero voluptatem molestias tenetur aut quaerat. Ullam ullam quo aut.', 2, 45, '2018-01-28 00:29:57', '2018-01-28 00:29:57'),
(453, 'distinctio', 'Non similique quisquam eum eum fugit. Quo minus tempore culpa iste ea autem. Et natus aut totam dolores ut recusandae. Doloremque et enim fugit cupiditate mollitia qui corrupti.', 4, 37, '2018-01-28 00:29:57', '2018-01-28 00:29:57'),
(454, 'consequatur', 'Magni consequuntur deserunt rerum ex cupiditate eos vero. Qui et debitis et voluptates qui dolores. Neque sint repellendus quis voluptas magni. Ipsum ipsum sunt molestiae modi.', 4, 72, '2018-01-28 00:29:57', '2018-01-28 00:29:57'),
(455, 'non', 'Laborum qui eveniet eos molestiae omnis sit aspernatur temporibus. Delectus ullam itaque ratione minima ex expedita quibusdam.', 5, 75, '2018-01-28 00:29:57', '2018-01-28 00:29:57'),
(456, 'sit', 'Rem maiores quia aut. Ut alias quasi voluptate. Dolore ab beatae recusandae quo nobis nam. Voluptate in totam ad placeat quia dolorum numquam repudiandae.', 4, 55, '2018-01-28 00:29:57', '2018-01-28 00:29:57'),
(457, 'labore', 'Est magnam ullam labore quis. Doloremque quas ut blanditiis. Dolores aperiam eligendi numquam at aut iure modi.', 0, 8, '2018-01-28 00:29:57', '2018-01-28 00:29:57'),
(458, 'voluptatem', 'Quasi at magnam sit dignissimos sed sit. Est dolorem velit quos nisi nisi. Eaque vel rerum doloribus voluptatibus accusantium rerum.', 1, 8, '2018-01-28 00:29:57', '2018-01-28 00:29:57'),
(459, 'qui', 'Quis fugit eius accusantium mollitia possimus odio aut. Est ea vel consectetur eos sapiente sit. Nesciunt omnis consequatur debitis et distinctio facere consectetur. Non eos ut iure iusto.', 0, 73, '2018-01-28 00:29:57', '2018-01-28 00:29:57'),
(460, 'repellat', 'Ab dolore voluptatem omnis cumque ut quas cumque. Quia qui sint tempora inventore nobis. Sint iusto laudantium amet nihil sed est quidem.', 2, 8, '2018-01-28 00:29:57', '2018-01-28 00:29:57'),
(461, 'fugiat', 'Et culpa quis eligendi. Eaque modi explicabo commodi ratione. A sunt dolorem illo impedit omnis quis. Reprehenderit ratione velit blanditiis quia in.', 2, 73, '2018-01-28 00:29:57', '2018-01-28 00:29:57'),
(462, 'ut', 'Sed rerum blanditiis labore fuga mollitia. Aliquam dolorem occaecati quibusdam. Voluptate autem accusamus est.', 3, 84, '2018-01-28 00:29:57', '2018-01-28 00:29:57'),
(463, 'aperiam', 'Et nemo voluptas sint delectus quam eveniet. Soluta illo aspernatur corrupti quas harum. Delectus nostrum qui et quia nobis deleniti. Nesciunt sed sit nulla voluptates hic tempore.', 4, 51, '2018-01-28 00:29:57', '2018-01-28 00:29:57'),
(464, 'illo', 'Et possimus et in sed quaerat atque aut. Velit ipsum quas dolores repellat harum dicta occaecati est. Cupiditate sint odit voluptas omnis odit.', 3, 13, '2018-01-28 00:29:58', '2018-01-28 00:29:58'),
(465, 'dolorem', 'Dolorem minus temporibus porro quo laudantium. Facilis sapiente aut maiores nihil molestiae. Assumenda mollitia dolorem nemo quo asperiores iusto velit. Optio laudantium quia modi ut dolorum.', 2, 84, '2018-01-28 00:29:58', '2018-01-28 00:29:58'),
(466, 'amet', 'Accusamus deserunt sapiente ea veniam sit ad debitis. Quos repellendus sint soluta doloribus cum et doloribus. Ut necessitatibus consequuntur voluptatibus adipisci deleniti natus aut.', 5, 29, '2018-01-28 00:29:58', '2018-01-28 00:29:58'),
(467, 'nihil', 'Minima provident sint reiciendis non nihil. Sint modi cupiditate veniam a non quas. A voluptates laudantium nihil consequatur. Maiores et odit voluptatem alias quod dolores excepturi.', 4, 71, '2018-01-28 00:29:58', '2018-01-28 00:29:58'),
(468, 'voluptas', 'Sit aut vel laboriosam aspernatur. Perspiciatis voluptatem nobis dolorem vero corporis quasi. Sint doloribus voluptatem est odio nulla nostrum.', 1, 35, '2018-01-28 00:29:58', '2018-01-28 00:29:58'),
(469, 'qui', 'Eaque et porro vero et. Iste distinctio nostrum eos esse quam autem sit. Perspiciatis consequuntur ea animi eaque deleniti dolores. Dolore aliquam iusto modi rerum unde esse illo quis.', 3, 69, '2018-01-28 00:29:58', '2018-01-28 00:29:58'),
(470, 'cum', 'Voluptatem enim eos dolores. Magni dolor beatae quas. Suscipit sed quia non.', 0, 91, '2018-01-28 00:29:58', '2018-01-28 00:29:58'),
(471, 'rerum', 'Ad magni quidem rerum soluta voluptatum impedit. Esse est fuga error cumque enim qui harum perspiciatis. Qui quis saepe voluptate ullam ad. In ad saepe magnam quo voluptates est.', 3, 34, '2018-01-28 00:29:58', '2018-01-28 00:29:58'),
(472, 'sit', 'Dolores ea reprehenderit architecto sit. Aliquid sit totam excepturi alias omnis molestiae provident necessitatibus. Sed sint aliquam molestiae.', 3, 71, '2018-01-28 00:29:58', '2018-01-28 00:29:58'),
(473, 'quas', 'Corporis quia sequi dolores qui incidunt. Quaerat ut necessitatibus expedita illum ut. Eligendi excepturi beatae mollitia qui vero officiis.', 4, 7, '2018-01-28 00:29:58', '2018-01-28 00:29:58'),
(474, 'expedita', 'Voluptatem rerum ipsa nobis laudantium iusto deserunt. Esse suscipit veniam quo quis eligendi occaecati harum.', 5, 54, '2018-01-28 00:29:58', '2018-01-28 00:29:58'),
(475, 'esse', 'Est impedit expedita ea officia perferendis illo illum quis. Nobis ut reprehenderit delectus consequatur quaerat cumque iure. Amet omnis recusandae ut hic nisi nulla iste.', 3, 44, '2018-01-28 00:29:58', '2018-01-28 00:29:58'),
(476, 'temporibus', 'Sint quia dolore culpa officia assumenda. Similique vero autem ea veniam cumque veritatis nobis. Inventore neque voluptates illo provident qui. Ut qui doloremque ut tempore quia officiis a.', 1, 34, '2018-01-28 00:29:58', '2018-01-28 00:29:58'),
(477, 'rerum', 'Velit velit qui dolorum nisi iusto libero. Aperiam voluptas fugiat nihil vero rem sit. Labore qui quis animi nisi.', 5, 53, '2018-01-28 00:29:58', '2018-01-28 00:29:58'),
(478, 'enim', 'Porro eveniet modi maxime. Expedita provident iste saepe placeat. Ut vel omnis nobis repellendus velit similique consequatur. Minima fuga nisi atque aliquam omnis rem.', 4, 10, '2018-01-28 00:29:58', '2018-01-28 00:29:58'),
(479, 'impedit', 'Corrupti ex dolorem quae. Harum facere quis alias ipsa ut est. Fuga optio dolor ipsum ea reiciendis vitae. Quibusdam est eaque voluptate delectus in.', 3, 22, '2018-01-28 00:29:58', '2018-01-28 00:29:58'),
(480, 'blanditiis', 'In quia delectus aperiam suscipit nisi voluptatem. Cupiditate aperiam error nulla blanditiis non enim molestiae. Mollitia aut quod suscipit ipsum quia reiciendis. Eaque laudantium voluptatem qui. Sapiente quibusdam et impedit sunt suscipit vitae perferendis vel.', 0, 51, '2018-01-28 00:29:58', '2018-01-28 00:29:58'),
(481, 'at', 'Quis sequi necessitatibus praesentium. Ut incidunt voluptatem aut voluptate. Nam est adipisci dolores et eveniet. Odio mollitia officiis nam non repellat consequatur debitis quibusdam.', 4, 38, '2018-01-28 00:29:58', '2018-01-28 00:29:58'),
(482, 'velit', 'Occaecati porro aperiam eum qui voluptatem. Dicta impedit qui laudantium at.', 4, 40, '2018-01-28 00:29:59', '2018-01-28 00:29:59'),
(483, 'eos', 'Unde delectus animi repudiandae ipsa beatae saepe. Distinctio illum distinctio consequatur aut quidem dolores qui voluptate. Aut porro sit quod deleniti odit sequi nam quia.', 1, 93, '2018-01-28 00:29:59', '2018-01-28 00:29:59'),
(484, 'et', 'Enim suscipit tenetur reprehenderit qui. Possimus possimus nesciunt aut a. Nobis dolor consectetur fugit nulla.', 3, 73, '2018-01-28 00:29:59', '2018-01-28 00:29:59'),
(485, 'temporibus', 'Molestias consequatur atque qui dicta nihil voluptates ipsam sit. Quae ut libero ea itaque qui. Corporis eius natus id dicta. Pariatur libero quod odio aut molestias dolorum est.', 1, 69, '2018-01-28 00:29:59', '2018-01-28 00:29:59'),
(486, 'minus', 'In quia sed delectus aut sit. Eius voluptates sapiente architecto quis non. Perferendis aperiam eos et iste voluptate. Maxime incidunt quaerat non et.', 5, 50, '2018-01-28 00:29:59', '2018-01-28 00:29:59'),
(487, 'deleniti', 'Placeat vitae aut assumenda tempora est sint ut. Quia rem eaque nemo et aut quia eveniet. Quisquam magnam eum nobis eaque consequuntur sit consectetur neque.', 5, 94, '2018-01-28 00:29:59', '2018-01-28 00:29:59'),
(488, 'enim', 'Placeat officia animi ipsa itaque. Consectetur incidunt aut autem ullam quia maiores. Et nihil facere corrupti ullam dolor.', 0, 47, '2018-01-28 00:29:59', '2018-01-28 00:29:59'),
(489, 'voluptatem', 'Voluptatem quaerat tenetur atque modi et nesciunt quos. Aut repellendus tempora ut vel provident totam qui. Dolorem perferendis hic quo pariatur.', 4, 66, '2018-01-28 00:29:59', '2018-01-28 00:29:59'),
(490, 'minus', 'Fugit corporis ut corporis. Ratione quidem dolorem et nemo voluptas soluta. Non vel qui dicta qui accusantium. Non aut aperiam asperiores sint sunt recusandae et.', 2, 78, '2018-01-28 00:29:59', '2018-01-28 00:29:59'),
(491, 'debitis', 'Sunt rerum atque libero cum. Minus eos corrupti nostrum sunt dolorem facilis et. Recusandae inventore officiis modi sed eius molestias. Unde possimus veritatis quia ut ratione.', 1, 19, '2018-01-28 00:29:59', '2018-01-28 00:29:59'),
(492, 'ducimus', 'Rerum at totam amet neque ducimus. Vel ut et iste blanditiis.', 5, 73, '2018-01-28 00:29:59', '2018-01-28 00:29:59'),
(493, 'aliquam', 'Magni voluptatem maiores eos. Quam est officiis sed inventore nihil nisi.', 5, 77, '2018-01-28 00:29:59', '2018-01-28 00:29:59'),
(494, 'odio', 'Veniam debitis sed enim et. Qui molestiae molestias corrupti dicta laboriosam odit doloremque. Aspernatur repellendus est in numquam. Illo et unde recusandae illum quae assumenda.', 5, 1, '2018-01-28 00:29:59', '2018-01-28 00:29:59'),
(495, 'commodi', 'Natus quisquam molestias et ullam ad placeat quis. Exercitationem qui voluptate earum. Magni quod ex omnis quibusdam.', 3, 23, '2018-01-28 00:29:59', '2018-01-28 00:29:59'),
(496, 'aut', 'Enim non fugit tempore. Neque aut illum reiciendis. Qui culpa fugiat aut quae perspiciatis repellat.', 1, 19, '2018-01-28 00:29:59', '2018-01-28 00:29:59'),
(497, 'dolores', 'Accusantium sit nam natus cumque quae. Quia eveniet exercitationem vel voluptates molestias eligendi. Pariatur ipsum ut ipsa nostrum sint officia nostrum.', 4, 39, '2018-01-28 00:29:59', '2018-01-28 00:29:59'),
(498, 'officia', 'Quas expedita quidem culpa vel repellat alias harum. Vel veniam ullam architecto ratione sit. In dolorum odit quia distinctio.', 0, 85, '2018-01-28 00:29:59', '2018-01-28 00:29:59'),
(499, 'esse', 'Nam vel tempora et minus. Sit in inventore ab iste consectetur ipsa. Ut exercitationem eligendi nesciunt corporis minima rerum.', 4, 46, '2018-01-28 00:29:59', '2018-01-28 00:29:59'),
(500, 'quae', 'Voluptate possimus sint ipsa aut autem cum. Perspiciatis dolore magnam repellendus voluptatem. Aut rerum velit est et consequatur reiciendis minus rerum.', 2, 99, '2018-01-28 00:29:59', '2018-01-28 00:29:59'),
(501, 'nisi', 'Maxime asperiores voluptas quidem doloremque officiis. Sed aut molestiae rerum fugit et suscipit. Assumenda in quos non quo.', 0, 81, '2018-01-28 00:29:59', '2018-01-28 00:29:59'),
(502, 'dolore', 'Aut quia modi eaque doloremque rerum. Suscipit voluptas dolore consequatur sit. Assumenda ab at eos provident. Itaque corporis voluptatem et totam magni.', 4, 27, '2018-01-28 00:30:00', '2018-01-28 00:30:00'),
(503, 'quos', 'Quidem architecto aspernatur quisquam nemo occaecati sed laudantium. Illum voluptatem et sequi asperiores similique laudantium. Cupiditate voluptatem quas adipisci placeat.', 5, 76, '2018-01-28 00:30:00', '2018-01-28 00:30:00'),
(504, 'iusto', 'Ea et possimus ea a officia. Eius minus rerum quo voluptate et. Quo distinctio ea deleniti in eum at. Et numquam ex perferendis hic.', 3, 91, '2018-01-28 00:30:00', '2018-01-28 00:30:00'),
(505, 'doloribus', 'Suscipit eum unde ut doloribus id. Libero minus assumenda ipsum iste veniam. Voluptatem nemo odio enim quisquam quidem cumque facilis.', 0, 100, '2018-01-28 00:30:00', '2018-01-28 00:30:00'),
(506, 'assumenda', 'Distinctio quae facere velit nesciunt sit. Reprehenderit ut quo dolorem unde. Velit id non excepturi minima. Qui recusandae facilis explicabo qui.', 1, 3, '2018-01-28 00:30:00', '2018-01-28 00:30:00'),
(507, 'et', 'Nostrum non ratione nemo. Hic iste consectetur cum in ullam possimus expedita. Qui nulla dolore hic vel et ab sed.', 2, 38, '2018-01-28 00:30:00', '2018-01-28 00:30:00'),
(508, 'nostrum', 'Ad dolor iure ut rerum. Voluptatibus culpa est aut quos. Suscipit natus velit ipsa expedita numquam ut.', 4, 72, '2018-01-28 00:30:00', '2018-01-28 00:30:00'),
(509, 'sed', 'Sit ab aut culpa in ducimus perspiciatis qui. Amet ut laborum voluptatem aperiam. Ut quis perferendis facilis nesciunt ad rerum.', 2, 90, '2018-01-28 00:30:00', '2018-01-28 00:30:00'),
(510, 'nisi', 'Quaerat veritatis tempore placeat. Aut voluptatem sapiente repellat voluptatibus. Nostrum commodi quidem ut facilis veniam laborum quia corporis.', 3, 5, '2018-01-28 00:30:00', '2018-01-28 00:30:00'),
(511, 'et', 'Fuga voluptatem sed iusto eaque non. Sint eveniet aut architecto. Explicabo quia ut voluptas id repellat maxime corrupti accusamus.', 4, 74, '2018-01-28 00:30:00', '2018-01-28 00:30:00'),
(512, 'natus', 'Atque est similique quia magni beatae nihil. Quam perferendis totam cupiditate dolores. Saepe et voluptas architecto eaque numquam optio iure. Rerum et vitae eum aut quia veritatis pariatur.', 2, 77, '2018-01-28 00:30:00', '2018-01-28 00:30:00'),
(513, 'nulla', 'Et provident laboriosam non ex voluptatibus. Corporis quos sunt ratione odit. Eum nihil sit dolores unde quos. Cum placeat ipsam eum minus nulla. Porro est rerum omnis pariatur in numquam.', 2, 4, '2018-01-28 00:30:00', '2018-01-28 00:30:00'),
(514, 'ex', 'Quia perferendis minima rerum fugiat perspiciatis qui et. Omnis qui perferendis nisi praesentium qui. Natus est totam voluptatem esse aut vel qui.', 1, 36, '2018-01-28 00:30:00', '2018-01-28 00:30:00'),
(515, 'fugit', 'Earum esse dolor aut laborum. Perspiciatis rerum qui provident dolores voluptas aut. Adipisci debitis aut velit similique. Incidunt eos accusantium provident vitae.', 5, 63, '2018-01-28 00:30:00', '2018-01-28 00:30:00'),
(516, 'totam', 'Magnam aperiam recusandae quod non aut qui. Ab tenetur laborum ex reprehenderit molestiae maiores.', 3, 2, '2018-01-28 00:30:00', '2018-01-28 00:30:00'),
(517, 'at', 'Ut enim magnam et aspernatur. Quaerat voluptatem voluptatum ad sed quo. Consequatur commodi maxime ducimus eaque dolor quasi. Assumenda est et ratione minima modi.', 2, 35, '2018-01-28 00:30:00', '2018-01-28 00:30:00'),
(518, 'aperiam', 'Error nemo repellendus modi beatae saepe in officiis. Aut sapiente esse aut non repudiandae est repellat aut. Minima officiis adipisci facere est earum omnis. Labore sint esse exercitationem est veniam.', 1, 74, '2018-01-28 00:30:01', '2018-01-28 00:30:01'),
(519, 'nihil', 'Nihil consequatur aliquid dolore nam mollitia et sit non. Et sed sint molestiae ut iusto a nihil repudiandae. Non odit quas soluta maxime quo nihil velit.', 3, 77, '2018-01-28 00:30:01', '2018-01-28 00:30:01'),
(520, 'veritatis', 'Quia accusamus est rerum facere repellendus nobis beatae. Illo itaque aut cupiditate soluta. At culpa eum illum eum est excepturi quia ducimus.', 4, 38, '2018-01-28 00:30:01', '2018-01-28 00:30:01'),
(521, 'natus', 'Consequatur voluptates non pariatur quis. Aut assumenda vel eos facilis. Quod culpa sunt omnis.', 0, 73, '2018-01-28 00:30:01', '2018-01-28 00:30:01'),
(522, 'corporis', 'Quaerat est itaque eos architecto quisquam voluptates. Sit quia repudiandae eius quia. Animi sunt et qui a.', 2, 43, '2018-01-28 00:30:01', '2018-01-28 00:30:01'),
(523, 'quia', 'Fuga pariatur et nihil rerum suscipit incidunt. In reiciendis reiciendis non sit velit repudiandae soluta. Et porro ipsum quis qui accusamus consequatur est et. Rerum ipsum deserunt tempora pariatur voluptatem saepe. Perspiciatis ut sequi sit mollitia accusamus ut.', 1, 27, '2018-01-28 00:30:01', '2018-01-28 00:30:01'),
(524, 'ut', 'Et est aut odio nesciunt et alias facere dignissimos. Enim dicta magni hic et. Beatae provident sapiente vel accusamus eos et totam.', 4, 98, '2018-01-28 00:30:01', '2018-01-28 00:30:01'),
(525, 'culpa', 'Maxime quidem molestiae sapiente eaque et. Deleniti sed omnis porro voluptas. Quisquam officia tempora fugiat repudiandae ea aut rem assumenda.', 0, 59, '2018-01-28 00:30:01', '2018-01-28 00:30:01'),
(526, 'tenetur', 'Architecto beatae aut ex quis culpa. Provident neque aut minus exercitationem labore.', 0, 2, '2018-01-28 00:30:01', '2018-01-28 00:30:01'),
(527, 'non', 'Magni cum et delectus illo vero ratione. Sed voluptatem voluptas totam minus rerum.', 5, 18, '2018-01-28 00:30:01', '2018-01-28 00:30:01'),
(528, 'suscipit', 'Enim praesentium sed reiciendis repellat eligendi illum. Rerum totam earum ut aperiam sed perferendis voluptatum. Quo accusantium adipisci impedit illo eum necessitatibus quis sapiente. Illum aut neque ut ut pariatur.', 3, 70, '2018-01-28 00:30:01', '2018-01-28 00:30:01'),
(529, 'vero', 'Sint suscipit sint commodi sunt vel nemo. Voluptas ipsa blanditiis porro facere placeat blanditiis. Ut eum quas cum. Est sint totam enim rerum.', 2, 6, '2018-01-28 00:30:01', '2018-01-28 00:30:01'),
(530, 'officiis', 'Distinctio et et et enim ullam. Hic qui omnis blanditiis expedita ab sint.', 2, 93, '2018-01-28 00:30:01', '2018-01-28 00:30:01'),
(531, 'maxime', 'Optio fugiat ipsa saepe ipsam qui quia. Sed cum nihil perspiciatis id nam dolores. Illo aliquid inventore laudantium magni voluptatem. Eum sit laborum ratione labore.', 0, 99, '2018-01-28 00:30:01', '2018-01-28 00:30:01'),
(532, 'dicta', 'Ducimus repudiandae in sit illo. Aperiam quasi laborum optio expedita. Eos est facere tempore et nostrum ut atque et.', 2, 35, '2018-01-28 00:30:01', '2018-01-28 00:30:01'),
(533, 'nulla', 'Voluptas qui fugiat ad excepturi ipsam. Saepe hic ipsa qui ut ut delectus. Commodi a laboriosam sed aut laudantium aspernatur quis quaerat. Aliquid fugiat ullam perferendis. Sequi dolorem et necessitatibus autem est sapiente sed.', 0, 72, '2018-01-28 00:30:01', '2018-01-28 00:30:01'),
(534, 'repudiandae', 'Suscipit dicta qui ut eos. Nam officia dolorum laborum architecto.', 2, 30, '2018-01-28 00:30:02', '2018-01-28 00:30:02'),
(535, 'deleniti', 'Beatae placeat sit modi blanditiis eveniet exercitationem optio. Perspiciatis aperiam rerum nobis repellendus mollitia velit ut. Ab autem facilis natus minus repellat. Asperiores at tempora ullam est et non dicta.', 5, 8, '2018-01-28 00:30:02', '2018-01-28 00:30:02'),
(536, 'omnis', 'Esse iusto exercitationem voluptatem nihil omnis doloremque. Eos nihil ipsam quae asperiores saepe ut. Reiciendis qui vero et sapiente.', 2, 3, '2018-01-28 00:30:02', '2018-01-28 00:30:02'),
(537, 'voluptatem', 'Repellat assumenda qui magni quis. Cum molestias ducimus quam omnis nihil. Aut non ea rerum eos cumque ut nobis qui.', 4, 11, '2018-01-28 00:30:02', '2018-01-28 00:30:02'),
(538, 'est', 'Totam eius dolorem molestiae pariatur id incidunt id. Officia dolor est ad sit optio ab enim aut. Debitis quia qui sit facere ad et ab dignissimos. Sed quia molestiae qui laudantium enim est est.', 4, 90, '2018-01-28 00:30:02', '2018-01-28 00:30:02'),
(539, 'voluptatem', 'Sunt maiores optio ipsa voluptatem. Pariatur tempora quasi delectus similique sit cum nam ratione.', 3, 13, '2018-01-28 00:30:02', '2018-01-28 00:30:02'),
(540, 'laudantium', 'Amet eligendi enim dolores dolores aperiam quo voluptas. Et nostrum nihil eligendi qui enim nihil commodi. Inventore beatae maxime et. Aut quis quasi eos sapiente ut.', 0, 88, '2018-01-28 00:30:02', '2018-01-28 00:30:02'),
(541, 'quo', 'Excepturi odio velit veniam iusto earum. Sed illo dignissimos aliquam qui repellendus. Cupiditate ab nihil dolores laboriosam. Laudantium dolorem a ullam sit dolorem.', 4, 17, '2018-01-28 00:30:02', '2018-01-28 00:30:02'),
(542, 'dolores', 'Ut et aut odio dolorem laborum. A qui sequi quo veritatis perferendis assumenda repudiandae. Temporibus similique nemo eveniet rerum. Quibusdam impedit sed consequatur enim eum atque.', 2, 69, '2018-01-28 00:30:02', '2018-01-28 00:30:02'),
(543, 'ipsa', 'Veritatis tenetur odit harum ea et hic. Explicabo atque eligendi et enim reiciendis a ullam. Quibusdam atque perferendis voluptas impedit. Ut provident aut laboriosam eaque incidunt vero consequatur.', 5, 87, '2018-01-28 00:30:02', '2018-01-28 00:30:02'),
(544, 'dolorem', 'Ut voluptate eos soluta quo at. Quia necessitatibus facilis quia facilis molestiae officiis. Aut minus at nisi provident. Inventore sit non officiis. Soluta corrupti tenetur ex quis.', 4, 32, '2018-01-28 00:30:02', '2018-01-28 00:30:02'),
(545, 'deleniti', 'Necessitatibus accusantium qui nam. Quia et et nemo dicta et id. Beatae sit ea illo aut facilis.', 2, 34, '2018-01-28 00:30:02', '2018-01-28 00:30:02'),
(546, 'et', 'Ut sit voluptatem sequi est similique aliquam. Rerum inventore labore accusantium a illum. Consequatur voluptatem soluta maxime deleniti voluptatem eum. Ut sed nihil quis et sunt nobis.', 3, 12, '2018-01-28 00:30:02', '2018-01-28 00:30:02'),
(547, 'voluptate', 'Quidem qui ullam dignissimos itaque temporibus delectus. Illo et dolores voluptatem atque saepe. Et enim officia cumque fuga cum.', 1, 16, '2018-01-28 00:30:02', '2018-01-28 00:30:02'),
(548, 'nisi', 'Et enim quis aut. Fugit harum nobis velit asperiores. Expedita modi dolor a cum quas.', 0, 15, '2018-01-28 00:30:02', '2018-01-28 00:30:02'),
(549, 'nesciunt', 'Vel soluta iste ipsam vel quo. Excepturi eos ratione molestiae excepturi dolorum autem voluptatem. Ipsam exercitationem possimus explicabo optio et in.', 1, 66, '2018-01-28 00:30:02', '2018-01-28 00:30:02'),
(550, 'dolores', 'Aut libero quos odit est animi ullam. Velit molestiae libero ut recusandae. Delectus ea rerum commodi optio sit rerum adipisci. Quia numquam nihil eaque sit.', 4, 31, '2018-01-28 00:30:02', '2018-01-28 00:30:02'),
(551, 'dolores', 'Alias asperiores sit sit. Aspernatur dolor nostrum nihil quod sapiente ut porro. Quis debitis autem rerum adipisci sint rerum.', 3, 21, '2018-01-28 00:30:02', '2018-01-28 00:30:02'),
(552, 'et', 'Vero dolor quia eos cum molestias. Illum est facere fugiat. Non consectetur quisquam molestias veritatis.', 2, 45, '2018-01-28 00:30:02', '2018-01-28 00:30:02'),
(553, 'ad', 'Suscipit omnis qui non quasi et harum. Maxime et omnis quis voluptatum quas. Et pariatur quaerat corporis omnis. Et voluptas molestiae nostrum omnis fugiat.', 2, 23, '2018-01-28 00:30:03', '2018-01-28 00:30:03'),
(554, 'a', 'Neque dolorem architecto possimus dignissimos incidunt exercitationem voluptates. Quia quaerat ipsam ullam rerum labore. At ratione harum reiciendis commodi omnis. Impedit est cum et non quo qui.', 4, 95, '2018-01-28 00:30:03', '2018-01-28 00:30:03'),
(555, 'neque', 'Aut et magni quam ducimus voluptatum. Animi ut facilis doloribus autem voluptates deserunt. Reiciendis inventore qui libero voluptates reiciendis.', 4, 52, '2018-01-28 00:30:03', '2018-01-28 00:30:03'),
(556, 'dolor', 'Laudantium unde ut ut. Incidunt quis sunt id sunt. Ducimus optio quia perspiciatis velit provident dolores.', 4, 22, '2018-01-28 00:30:03', '2018-01-28 00:30:03'),
(557, 'commodi', 'Aut accusamus laborum optio enim quo consectetur. Est nihil adipisci suscipit tenetur. Delectus optio quis est corporis porro. Doloremque soluta sed magni et porro sint.', 4, 91, '2018-01-28 00:30:03', '2018-01-28 00:30:03'),
(558, 'delectus', 'Voluptatibus vel explicabo quidem quia ullam aperiam reprehenderit fugit. Quo aperiam minus unde sunt non. Magnam voluptas dolores at modi sint aliquid. In quidem nostrum ducimus est cum libero officiis.', 0, 60, '2018-01-28 00:30:03', '2018-01-28 00:30:03'),
(559, 'tempora', 'Perspiciatis adipisci in debitis architecto laborum cum qui vero. Vel quam est dolores dolorem. Sed aut alias adipisci. Architecto veritatis debitis laboriosam eum commodi.', 0, 31, '2018-01-28 00:30:03', '2018-01-28 00:30:03'),
(560, 'maxime', 'Blanditiis doloribus quis ducimus et ut ducimus. Natus omnis ut molestiae rerum omnis. Quas repellendus sed est voluptatem quos magni.', 5, 100, '2018-01-28 00:30:03', '2018-01-28 00:30:03'),
(561, 'suscipit', 'Est beatae dignissimos totam temporibus sapiente. Modi voluptatum soluta nesciunt culpa. Eius eos qui enim omnis facilis et.', 5, 27, '2018-01-28 00:30:03', '2018-01-28 00:30:03'),
(562, 'facere', 'Eligendi molestiae qui commodi et eveniet expedita. Eius adipisci autem eum eius. Ut temporibus voluptatem ex quibusdam et. Nulla aut excepturi mollitia voluptatem.', 0, 97, '2018-01-28 00:30:03', '2018-01-28 00:30:03'),
(563, 'vel', 'Amet nemo occaecati accusantium tempora sunt. Dolores enim qui natus quasi deleniti. Quia vel quo exercitationem rerum cumque vel nobis iure. Expedita animi molestias et vel ut tenetur corporis aut.', 3, 6, '2018-01-28 00:30:03', '2018-01-28 00:30:03'),
(564, 'eius', 'Iusto illo assumenda non aliquid et est. Maxime optio blanditiis repellendus veritatis enim animi. Impedit necessitatibus mollitia totam commodi ea. Corrupti blanditiis quis ad sit rerum repudiandae repellat.', 5, 74, '2018-01-28 00:30:03', '2018-01-28 00:30:03'),
(565, 'et', 'Et non et molestias veritatis qui sint odio. Nulla quas eveniet quas qui ullam eos. Aut incidunt sequi corporis vel nesciunt quidem. Beatae alias error veritatis sed.', 2, 6, '2018-01-28 00:30:03', '2018-01-28 00:30:03'),
(566, 'rerum', 'Vel sint ipsam ut quis eveniet. Voluptatem quo commodi ut ad nihil excepturi. Voluptas dolorem quis quas. Et ab dolor officiis.', 0, 76, '2018-01-28 00:30:03', '2018-01-28 00:30:03'),
(567, 'assumenda', 'Dolores cumque numquam voluptate tempora nulla. Et dolorem fugit sint mollitia iure. Alias asperiores non soluta eligendi. Quam id reprehenderit deleniti.', 3, 5, '2018-01-28 00:30:03', '2018-01-28 00:30:03'),
(568, 'voluptatem', 'Quisquam laboriosam dolorem id qui et vel cupiditate. Rem sit cupiditate laboriosam qui enim. Ut quis autem dolor eum. Autem consequatur nulla repellat quo sapiente et sunt.', 5, 50, '2018-01-28 00:30:03', '2018-01-28 00:30:03'),
(569, 'quidem', 'Quasi ipsum provident dignissimos. Voluptas omnis sapiente accusantium beatae dicta. Minima quod magni et unde molestias.', 1, 24, '2018-01-28 00:30:03', '2018-01-28 00:30:03'),
(570, 'ea', 'Recusandae ea perferendis perspiciatis nisi. Quod doloribus praesentium vel asperiores tempora. Repellat commodi modi tempore porro quis commodi soluta.', 2, 19, '2018-01-28 00:30:03', '2018-01-28 00:30:03'),
(571, 'voluptatem', 'Dolore labore aut totam sint. Eum sapiente quidem et doloribus quae recusandae. Similique reprehenderit dolor quia ex ullam aperiam. Laborum iure perspiciatis et quo et est ratione.', 2, 20, '2018-01-28 00:30:04', '2018-01-28 00:30:04'),
(572, 'molestias', 'Quo doloremque quia placeat eius consequatur. Exercitationem sapiente adipisci error quia velit sapiente consequuntur. Totam ut accusamus ipsum et maiores expedita. Doloremque sit et consequatur natus a.', 1, 74, '2018-01-28 00:30:04', '2018-01-28 00:30:04'),
(573, 'sed', 'Enim explicabo distinctio ex. Commodi ipsam soluta omnis laboriosam ut amet sunt.', 0, 90, '2018-01-28 00:30:04', '2018-01-28 00:30:04'),
(574, 'quaerat', 'Earum delectus id iusto eum ducimus nulla voluptatem rerum. Labore aliquid odit repudiandae perferendis ad earum. Ut doloremque sed occaecati illum aut saepe delectus.', 5, 72, '2018-01-28 00:30:04', '2018-01-28 00:30:04'),
(575, 'dolor', 'Iusto occaecati rerum maiores aliquam. Delectus vero a delectus et dolores non delectus. Architecto rerum dolorum quasi.', 4, 88, '2018-01-28 00:30:04', '2018-01-28 00:30:04'),
(576, 'in', 'In dolores necessitatibus voluptatum eaque qui odit est dolorem. Aut laudantium eaque non est. Omnis facere alias sunt soluta.', 2, 1, '2018-01-28 00:30:04', '2018-01-28 00:30:04'),
(577, 'molestias', 'Id maiores dignissimos aut nam illo nemo sed. Nam rerum voluptatibus suscipit doloremque sapiente. Architecto dolorum molestiae autem dolorum voluptate.', 2, 7, '2018-01-28 00:30:04', '2018-01-28 00:30:04'),
(578, 'quisquam', 'Ut officia enim et dolores omnis aut recusandae. Nam est repudiandae quia. Repudiandae aliquam doloremque pariatur. Expedita aut aut voluptatem qui sunt.', 5, 35, '2018-01-28 00:30:04', '2018-01-28 00:30:04'),
(579, 'exercitationem', 'Autem eligendi maiores architecto dolorum cumque. Et voluptatem modi dicta quaerat dolorum ut molestiae facilis. Possimus dolor dolorem sunt voluptatum. Non saepe voluptatem voluptas consequuntur numquam ullam quos.', 0, 42, '2018-01-28 00:30:04', '2018-01-28 00:30:04'),
(580, 'aut', 'Debitis est enim vel esse molestias eum. Nesciunt incidunt et aliquam molestiae sint et. Eaque maxime et voluptas inventore eaque id dolor.', 2, 53, '2018-01-28 00:30:04', '2018-01-28 00:30:04'),
(581, 'rerum', 'Sit provident ipsam corrupti. Et ratione sed ab quas quisquam. Sunt libero voluptatem iste a.', 1, 26, '2018-01-28 00:30:04', '2018-01-28 00:30:04'),
(582, 'omnis', 'Corrupti facere quis atque voluptates non ut aut. Sed ipsum placeat dolor aut. Quidem tenetur vel ut temporibus illo incidunt.', 1, 22, '2018-01-28 00:30:04', '2018-01-28 00:30:04'),
(583, 'enim', 'Culpa sapiente ipsa qui temporibus ut. Blanditiis porro quo totam aliquid. Et est iste accusantium nostrum saepe.', 5, 67, '2018-01-28 00:30:04', '2018-01-28 00:30:04'),
(584, 'esse', 'Cum delectus sequi sit rerum dolorum. Aliquid iusto commodi et amet totam quam nulla.', 2, 32, '2018-01-28 00:30:04', '2018-01-28 00:30:04'),
(585, 'ea', 'Rerum odio eius ut repellat. Quo itaque assumenda culpa. Omnis magnam nam non facilis dignissimos.', 1, 86, '2018-01-28 00:30:04', '2018-01-28 00:30:04'),
(586, 'vitae', 'Voluptatum dolor nesciunt quaerat eos sed culpa eos. Iste quasi id nihil est dolores. Consequatur accusantium possimus et qui.', 1, 6, '2018-01-28 00:30:04', '2018-01-28 00:30:04'),
(587, 'consequuntur', 'Dolor esse sed consequatur esse ipsum earum labore. Dicta omnis voluptatem cupiditate voluptate qui ut. Sunt occaecati officiis consequatur et unde.', 0, 5, '2018-01-28 00:30:04', '2018-01-28 00:30:04'),
(588, 'accusamus', 'Alias ratione animi exercitationem vero voluptatibus quia. Libero illum officia aliquam porro soluta neque. Est sed perspiciatis qui eius dicta. Vitae sit adipisci cupiditate earum deleniti et nemo. Libero nihil veniam nihil qui.', 0, 94, '2018-01-28 00:30:05', '2018-01-28 00:30:05'),
(589, 'cupiditate', 'Reiciendis facere sed minus. Magni aperiam neque dolores. Nemo in ut vero unde. Corporis cumque sapiente qui ducimus sunt eaque occaecati.', 1, 48, '2018-01-28 00:30:05', '2018-01-28 00:30:05'),
(590, 'voluptas', 'Repellendus dolor harum aspernatur dolorem distinctio eum. Placeat repellat delectus quia amet non voluptatum autem. Voluptatem nemo est impedit adipisci repellendus eos. Reprehenderit occaecati rerum tempore amet dicta sapiente in atque.', 4, 77, '2018-01-28 00:30:05', '2018-01-28 00:30:05'),
(591, 'magnam', 'Est enim commodi et cupiditate. Eius tempora nesciunt nobis. Necessitatibus dignissimos odit nesciunt ut enim. A ipsum sed esse doloremque.', 4, 34, '2018-01-28 00:30:05', '2018-01-28 00:30:05'),
(592, 'praesentium', 'Totam numquam veniam ad occaecati et doloribus. Vero molestiae quisquam natus. Eum molestiae eum deserunt provident consequatur numquam non. Accusamus provident facilis similique soluta.', 4, 69, '2018-01-28 00:30:05', '2018-01-28 00:30:05'),
(593, 'eveniet', 'Aperiam commodi maxime enim velit velit accusamus architecto voluptas. Non iste dignissimos dolores laudantium. Et et autem sint deserunt et. Incidunt odit similique corporis dolor ea ut dignissimos.', 3, 40, '2018-01-28 00:30:05', '2018-01-28 00:30:05'),
(594, 'quia', 'Labore ex ut perferendis nulla. Ut libero perspiciatis sint eum reiciendis dolores. Et illo consectetur libero.', 0, 100, '2018-01-28 00:30:05', '2018-01-28 00:30:05'),
(595, 'laborum', 'Rerum recusandae soluta similique reprehenderit et eos quia nihil. A ipsam voluptatum aut perferendis maiores atque.', 5, 22, '2018-01-28 00:30:05', '2018-01-28 00:30:05'),
(596, 'sint', 'Atque accusamus architecto molestiae ad alias sed unde. Magni perferendis dolorum ea autem ut voluptatibus numquam perferendis. Qui quidem similique modi in eveniet nihil tenetur. Voluptatem et pariatur officia laborum sunt est incidunt. Aspernatur dignissimos possimus quia et nostrum voluptatum ipsam.', 1, 33, '2018-01-28 00:30:05', '2018-01-28 00:30:05'),
(597, 'omnis', 'Facere tempora reprehenderit rerum nisi qui et est necessitatibus. Est sit commodi ipsam vero ut sunt. Dolorem repellat vero nihil qui dicta. Amet quia modi dolores consectetur.', 0, 10, '2018-01-28 00:30:05', '2018-01-28 00:30:05'),
(598, 'aut', 'Distinctio ad tenetur voluptatem possimus consequatur quis placeat minima. Eaque quisquam et at et reiciendis veniam ipsa. Veritatis totam et quos corporis voluptate commodi. Esse dolorum molestiae nihil voluptas.', 0, 22, '2018-01-28 00:30:05', '2018-01-28 00:30:05'),
(599, 'sed', 'Pariatur dicta quibusdam quidem eum. Et incidunt non ut ad sit eum quaerat. Non repellendus adipisci illo maiores.', 1, 42, '2018-01-28 00:30:05', '2018-01-28 00:30:05'),
(600, 'architecto', 'Eveniet ab libero et natus totam ex aut. Minima ullam aperiam iste illum perspiciatis vel officiis. Iste sed perferendis nobis sit consequatur occaecati. Aut quibusdam nemo molestiae eveniet.', 3, 95, '2018-01-28 00:30:05', '2018-01-28 00:30:05');

-- --------------------------------------------------------

--
-- Table structure for table `users`
--

CREATE TABLE `users` (
  `id` int(10) UNSIGNED NOT NULL,
  `name` varchar(191) COLLATE utf8mb4_unicode_ci NOT NULL,
  `email` varchar(191) COLLATE utf8mb4_unicode_ci NOT NULL,
  `password` varchar(191) COLLATE utf8mb4_unicode_ci NOT NULL,
  `remember_token` varchar(100) COLLATE utf8mb4_unicode_ci DEFAULT NULL,
  `created_at` timestamp NULL DEFAULT NULL,
  `updated_at` timestamp NULL DEFAULT NULL
) ENGINE=InnoDB DEFAULT CHARSET=utf8mb4 COLLATE=utf8mb4_unicode_ci;

--
-- Dumping data for table `users`
--

INSERT INTO `users` (`id`, `name`, `email`, `password`, `remember_token`, `created_at`, `updated_at`) VALUES
(1, 'Dr. Sam Dare', 'mozelle.herman@example.com', '$2y$10$TKh8H1.PfQx37YgCzwiKb.KjNyWgaHb9cbcoQgdIVFlYg7B77UdFm', 'MZ757Pxkgf', '2018-01-28 00:13:57', '2018-01-28 00:13:57'),
(2, 'Prof. Tressa Stamm Sr.', 'kane60@example.org', '$2y$10$TKh8H1.PfQx37YgCzwiKb.KjNyWgaHb9cbcoQgdIVFlYg7B77UdFm', 'oR99KBkvXP', '2018-01-28 00:13:57', '2018-01-28 00:13:57'),
(3, 'Elias Schuppe', 'amie.mosciski@example.net', '$2y$10$TKh8H1.PfQx37YgCzwiKb.KjNyWgaHb9cbcoQgdIVFlYg7B77UdFm', '58Aq2EhJpg', '2018-01-28 00:13:57', '2018-01-28 00:13:57'),
(4, 'Prof. Brennon Graham Jr.', 'erica.stokes@example.net', '$2y$10$TKh8H1.PfQx37YgCzwiKb.KjNyWgaHb9cbcoQgdIVFlYg7B77UdFm', 'P8GysaHgMH', '2018-01-28 00:13:57', '2018-01-28 00:13:57'),
(5, 'Lyda Konopelski', 'lisette.heaney@example.org', '$2y$10$TKh8H1.PfQx37YgCzwiKb.KjNyWgaHb9cbcoQgdIVFlYg7B77UdFm', 'efkKYJKBJ1', '2018-01-28 00:13:57', '2018-01-28 00:13:57'),
(6, 'Refaa', 'refaat.aish.fciscu1@gmail.com', '$2y$10$Ta5ML.gtckmRvGCnPk2RyeGMJFR8PBjV7f36Oby7ablDYIJJxa8Kq', NULL, '2018-01-28 00:22:33', '2018-01-28 00:22:33'),
(7, 'Vita Goyette I', 'cronin.jarret@example.org', '$2y$10$TKh8H1.PfQx37YgCzwiKb.KjNyWgaHb9cbcoQgdIVFlYg7B77UdFm', 'drx7qgPIhv', '2018-01-28 00:29:43', '2018-01-28 00:29:43'),
(8, 'Ms. Ellie Fay', 'pwisozk@example.com', '$2y$10$TKh8H1.PfQx37YgCzwiKb.KjNyWgaHb9cbcoQgdIVFlYg7B77UdFm', 'lFf1pv3tt4', '2018-01-28 00:29:44', '2018-01-28 00:29:44'),
(9, 'Ms. Renee Bode', 'gutmann.stevie@example.org', '$2y$10$TKh8H1.PfQx37YgCzwiKb.KjNyWgaHb9cbcoQgdIVFlYg7B77UdFm', 'sBmtT7aRFc', '2018-01-28 00:29:44', '2018-01-28 00:29:44'),
(10, 'Carley Moen', 'xschroeder@example.org', '$2y$10$TKh8H1.PfQx37YgCzwiKb.KjNyWgaHb9cbcoQgdIVFlYg7B77UdFm', 'q5doBpve9M', '2018-01-28 00:29:44', '2018-01-28 00:29:44'),
(11, 'Dr. Marianne Cruickshank DDS', 'parisian.hugh@example.org', '$2y$10$TKh8H1.PfQx37YgCzwiKb.KjNyWgaHb9cbcoQgdIVFlYg7B77UdFm', '0NOF6FOSgr', '2018-01-28 00:29:44', '2018-01-28 00:29:44');

--
-- Indexes for dumped tables
--

--
-- Indexes for table `migrations`
--
ALTER TABLE `migrations`
  ADD PRIMARY KEY (`id`);

--
-- Indexes for table `oauth_access_tokens`
--
ALTER TABLE `oauth_access_tokens`
  ADD PRIMARY KEY (`id`),
  ADD KEY `oauth_access_tokens_user_id_index` (`user_id`);

--
-- Indexes for table `oauth_auth_codes`
--
ALTER TABLE `oauth_auth_codes`
  ADD PRIMARY KEY (`id`);

--
-- Indexes for table `oauth_clients`
--
ALTER TABLE `oauth_clients`
  ADD PRIMARY KEY (`id`),
  ADD KEY `oauth_clients_user_id_index` (`user_id`);

--
-- Indexes for table `oauth_personal_access_clients`
--
ALTER TABLE `oauth_personal_access_clients`
  ADD PRIMARY KEY (`id`),
  ADD KEY `oauth_personal_access_clients_client_id_index` (`client_id`);

--
-- Indexes for table `oauth_refresh_tokens`
--
ALTER TABLE `oauth_refresh_tokens`
  ADD PRIMARY KEY (`id`),
  ADD KEY `oauth_refresh_tokens_access_token_id_index` (`access_token_id`);

--
-- Indexes for table `password_resets`
--
ALTER TABLE `password_resets`
  ADD KEY `password_resets_email_index` (`email`);

--
-- Indexes for table `products`
--
ALTER TABLE `products`
  ADD PRIMARY KEY (`id`);

--
-- Indexes for table `reviews`
--
ALTER TABLE `reviews`
  ADD PRIMARY KEY (`id`),
  ADD KEY `reviews_product_id_foreign` (`product_id`);

--
-- Indexes for table `users`
--
ALTER TABLE `users`
  ADD PRIMARY KEY (`id`),
  ADD UNIQUE KEY `users_email_unique` (`email`);

--
-- AUTO_INCREMENT for dumped tables
--

--
-- AUTO_INCREMENT for table `migrations`
--
ALTER TABLE `migrations`
  MODIFY `id` int(10) UNSIGNED NOT NULL AUTO_INCREMENT, AUTO_INCREMENT=19;
--
-- AUTO_INCREMENT for table `oauth_clients`
--
ALTER TABLE `oauth_clients`
  MODIFY `id` int(10) UNSIGNED NOT NULL AUTO_INCREMENT, AUTO_INCREMENT=3;
--
-- AUTO_INCREMENT for table `oauth_personal_access_clients`
--
ALTER TABLE `oauth_personal_access_clients`
  MODIFY `id` int(10) UNSIGNED NOT NULL AUTO_INCREMENT, AUTO_INCREMENT=2;
--
-- AUTO_INCREMENT for table `products`
--
ALTER TABLE `products`
  MODIFY `id` int(10) UNSIGNED NOT NULL AUTO_INCREMENT, AUTO_INCREMENT=103;
--
-- AUTO_INCREMENT for table `reviews`
--
ALTER TABLE `reviews`
  MODIFY `id` int(10) UNSIGNED NOT NULL AUTO_INCREMENT, AUTO_INCREMENT=601;
--
-- AUTO_INCREMENT for table `users`
--
ALTER TABLE `users`
  MODIFY `id` int(10) UNSIGNED NOT NULL AUTO_INCREMENT, AUTO_INCREMENT=12;
--
-- Constraints for dumped tables
--

--
-- Constraints for table `reviews`
--
ALTER TABLE `reviews`
  ADD CONSTRAINT `reviews_product_id_foreign` FOREIGN KEY (`product_id`) REFERENCES `products` (`id`) ON DELETE CASCADE;
COMMIT;

/*!40101 SET CHARACTER_SET_CLIENT=@OLD_CHARACTER_SET_CLIENT */;
/*!40101 SET CHARACTER_SET_RESULTS=@OLD_CHARACTER_SET_RESULTS */;
/*!40101 SET COLLATION_CONNECTION=@OLD_COLLATION_CONNECTION */;
